,compound_emoji
0,0.0
1,0.41050000000000003
2,0.6116666666666667
3,0.412
4,0.0
5,0.0
6,0.0
7,0.41050000000000003
8,0.6116666666666667
9,0.412
10,0.0
11,0.0
12,0.11766666666666666
13,0.0
14,0.24866666666666667
15,0.0
16,0.05
17,0.61
18,0.713
19,0.0
20,0.742
21,0.246
22,0.0
23,0.0
24,0.1335
25,0.7056666666666667
26,0.0
27,0.242
28,0.0
29,0.0
30,0.0
31,0.36933333333333335
32,0.14
33,0.0
34,0.0
35,0.0
36,0.0
37,0.0
38,0.0
39,0.0
40,0.633
41,0.633
42,0.0
43,0.0
44,0.0
45,0.0
46,0.0
47,0.0
48,0.1145
49,0.0
50,0.0
51,0.525
52,0.737
53,0.0
54,0.0
55,0.0
56,0.0
57,0.0
58,-0.012499999999999997
59,0.0
60,0.0
61,0.0
62,0.0
63,0.0
64,-0.012499999999999997
65,0.0
66,-0.0465
67,0.353
68,0.246
69,0.353
70,0.0
71,0.063
72,0.4375
73,0.3415
74,0.43100000000000005
75,0.3545
76,0.2623333333333333
77,0.3415
78,0.0
79,0.0
80,-0.07866666666666666
81,0.0
82,0.0
83,0.4573333333333333
84,0.353
85,0.0
86,0.331
87,0.672
88,0.0
89,0.0
90,0.19
91,0.0
92,0.0
93,0.0
94,0.368
95,0.0
96,0.0
97,0.0
98,0.0
99,0.0
100,0.0
101,0.0
102,0.0
103,0.0
104,0.0
105,0.0
106,0.0
107,0.265
108,0.0
109,0.268
110,0.0
111,0.625
112,0.0
113,0.265
114,0.0
115,0.268
116,0.0
117,0.625
118,0.0
119,0.2215
120,0.241
121,0.0
122,0.10099999999999999
123,0.2215
124,0.1515
125,0.221
126,0.0
127,0.2563333333333333
128,0.104
129,0.0
130,0.04666666666666667
131,0.133
132,0.0
133,0.0
134,0.221
135,0.0
136,0.221
137,0.274
138,0.332
139,0.234
140,0.0315
141,0.634
142,0.537
143,0.456
144,0.746
145,0.3355
146,0.0
147,0.4176666666666667
148,0.228
149,0.0
150,0.0
151,0.0
152,0.0
153,0.0
154,0.0
155,0.0
156,-0.146
157,0.0
158,-0.086
159,0.0
160,0.746
161,0.0
162,0.0
163,0.0
164,0.0
165,0.0
166,0.0
167,0.0
168,0.0
169,0.0
170,0.0
171,0.0
172,0.0
173,0.0
174,0.0
175,0.645
176,0.221
177,0.0
178,0.0
179,0.266
180,0.0
181,0.0
182,0.087
183,0.0
184,0.0
185,0.0
186,0.0
187,0.0
188,0.0
189,0.0
190,0.0
191,0.0
192,0.16433333333333333
193,0.0
194,0.0
195,0.0
196,0.493
197,0.0
198,0.0
199,0.0
200,0.0
201,0.0
202,0.0
203,0.0
204,0.0
205,0.0
206,0.0
207,0.0
208,0.0
209,0.0
210,0.0
211,0.08933333333333333
212,0.0
213,0.0
214,-0.093
215,0.353
216,0.0
217,0.0
218,-0.093
219,-0.093
220,0.353
221,0.353
222,0.0
223,0.0
224,-0.093
225,-0.093
226,0.353
227,0.746
228,0.746
229,0.4563333333333333
230,0.20550000000000002
231,0.746
232,0.393
233,0.0
234,0.0
235,0.0
236,0.0
237,0.0
238,0.0
239,0.0
240,0.0
241,0.0
242,0.0
243,0.0
244,0.0
245,0.0
246,0.0
247,0.0
248,0.0
249,0.0
250,0.0
251,0.0
252,0.0
253,0.0
254,0.0
255,0.0
256,0.0
257,0.0
258,0.0
259,0.0
260,0.353
261,0.0
262,0.0
263,0.0
264,0.0
265,0.14
266,0.0
267,0.0
268,0.0
269,0.353
270,0.0
271,0.0
272,-0.093
273,-0.093
274,0.353
275,0.353
276,0.0
277,0.0
278,-0.093
279,-0.093
280,0.353
281,0.746
282,0.746
283,0.4563333333333333
284,0.20550000000000002
285,0.746
286,0.393
287,0.0
288,0.0
289,0.0
290,0.0
291,0.0
292,0.0
293,0.0
294,0.0
295,0.0
296,0.0
297,0.0
298,0.0
299,0.0
300,0.0
301,0.0
302,0.0
303,0.0
304,0.0
305,0.0
306,0.0
307,0.0
308,0.0
309,0.0
310,0.0
311,0.0
312,0.0
313,0.0
314,0.353
315,0.0
316,0.0
317,0.0
318,0.0
319,0.14
320,0.0
321,0.0
322,0.0
323,0.0
324,0.0
325,0.0
326,0.0
327,0.0
328,0.0
329,0.0
330,0.0
331,0.0
332,0.0
333,0.0
334,0.0
335,0.221
336,0.221
337,0.221
338,0.221
339,0.221
340,0.063
341,0.493
342,0.332
343,0.018
344,0.221
345,0.493
346,0.19
347,0.221
348,0.063
349,0.221
350,0.221
351,0.221
352,0.0
353,0.746
354,0.353
355,0.353
356,0.1765
357,0.0
358,0.317
359,0.0
360,0.0
361,0.0
362,0.0
363,0.0
364,0.0
365,0.0
366,0.0
367,0.0
368,0.0
369,0.0
370,-0.667
371,0.0
372,0.0
373,0.0
374,0.1665
375,0.0
376,0.0
377,0.0
378,0.0
379,0.0
380,0.0
381,0.0
382,0.0
383,0.0
384,0.0
385,0.0
386,0.0
387,0.0
388,0.0
389,0.221
390,0.221
391,0.221
392,0.221
393,0.221
394,0.063
395,0.493
396,0.332
397,0.018
398,0.221
399,0.493
400,0.19
401,0.221
402,0.063
403,0.221
404,0.221
405,0.221
406,0.0
407,0.746
408,0.353
409,0.353
410,0.1765
411,0.0
412,0.317
413,0.0
414,0.0
415,0.0
416,0.0
417,0.0
418,0.0
419,0.0
420,0.0
421,0.0
422,0.0
423,0.0
424,-0.667
425,0.0
426,0.0
427,0.0
428,0.1665
429,0.0
430,0.0
431,0.0
432,0.0
433,0.0
434,0.0
435,0.0
436,0.0
437,0.0
438,0.0
439,0.0
440,0.0
441,0.0
442,0.0
443,0.221
444,0.221
445,0.221
446,0.221
447,0.221
448,0.063
449,0.493
450,0.332
451,0.018
452,0.221
453,0.493
454,0.19
455,0.221
456,0.063
457,0.221
458,0.221
459,0.221
460,0.0
461,0.746
462,0.353
463,0.353
464,0.1765
465,0.0
466,0.317
467,0.0
468,0.0
469,0.0
470,0.0
471,0.0
472,0.0
473,0.0
474,0.0
475,0.0
476,0.0
477,0.0
478,-0.667
479,0.0
480,0.0
481,0.0
482,0.1665
483,0.0
484,0.0
485,-0.146
486,0.0
487,-0.093
488,0.221
489,0.0
490,0.0
491,-0.146
492,0.0
493,-0.093
494,0.221
495,0.0
496,0.0
497,0.0
498,0.0
499,0.0
500,0.0
501,0.0
502,0.123
503,0.0
504,0.0
505,0.0
506,0.0
507,0.493
508,0.0
509,0.0
510,0.0
511,0.0
512,0.0
513,0.0
514,0.0
515,0.0895
516,0.179
517,0.0
518,0.0
519,0.2625
520,0.0
521,0.612
522,0.0
523,0.0
524,0.0
525,0.0
526,0.0
527,0.0
528,0.0972
529,0.0
530,0.0
531,0.2465
532,0.0
533,0.0
534,0.0
535,0.0
536,0.0
537,0.0
538,0.0
539,0.0
540,0.0
541,0.0
542,0.0
543,0.0
544,0.0
545,0.0
546,0.0
547,0.0
548,0.0
549,0.0
550,0.0
551,0.0
552,0.645
553,0.221
554,0.0
555,0.0
556,0.266
557,0.0
558,0.0
559,0.087
560,0.0
561,0.0
562,0.0
563,0.0
564,0.0
565,0.0
566,0.0
567,0.0
568,0.0
569,0.16433333333333333
570,0.0
571,0.0
572,0.0
573,0.493
574,0.0
575,0.0
576,0.0
577,0.0
578,0.0
579,0.0
580,0.0
581,0.0
582,0.0
583,0.0
584,0.0
585,0.0
586,0.0
587,0.0
588,0.08933333333333333
589,0.0
590,0.0
591,-0.093
592,0.0
593,0.0
594,0.221
595,0.746
596,0.06166666666666667
597,0.064
598,0.0
599,0.0
600,0.221
601,0.746
602,0.06166666666666667
603,0.064
604,0.08325
605,0.0
606,0.064
607,0.689
608,0.314
609,0.0
610,0.0
611,0.0
612,0.0
613,0.0
614,0.6869999999999999
615,0.4495
616,-0.173
617,0.29533333333333334
618,0.443
619,0.0
620,0.4385
621,0.0
622,0.0
623,0.0
624,0.0
625,0.0
626,0.0
627,0.0
628,0.0
629,0.0
630,0.0
631,0.134
632,0.0
633,-0.02
634,0.07
635,0.1765
636,0.0
637,0.07
638,0.0
639,0.0
640,0.0
641,0.0
642,0.0
643,0.0
644,0.265
645,0.0
646,0.268
647,0.0
648,0.625
649,0.0
650,0.265
651,0.0
652,0.268
653,0.0
654,0.625
655,0.0
656,0.2215
657,0.241
658,0.0
659,0.10099999999999999
660,0.2215
661,0.1515
662,0.221
663,0.0
664,0.2563333333333333
665,0.104
666,0.0
667,0.04666666666666667
668,0.133
669,0.0
670,0.0
671,0.221
672,0.0
673,0.221
674,0.274
675,0.332
676,0.234
677,0.0315
678,0.634
679,0.537
680,0.456
681,0.746
682,0.3355
683,0.0
684,0.4176666666666667
685,0.228
686,0.0
687,0.0
688,0.0
689,0.0
690,0.0
691,0.0
692,0.0
693,-0.146
694,0.0
695,-0.086
696,0.0
697,0.746
698,0.0
699,0.0
700,0.0
701,0.0
702,0.0
703,0.0
704,0.0
705,0.0
706,0.0
707,0.0
708,0.0
709,0.0
710,0.0
711,0.0
712,0.0
713,0.0
714,0.0
715,0.0
716,0.0
717,0.0
718,0.0
719,0.0
720,0.0
721,0.0
722,0.0
723,0.0
724,0.197
725,0.19083333333333333
726,0.19083333333333333
727,0.19083333333333333
728,0.0
729,0.0
730,0.456
731,0.0
732,0.0
733,0.0
734,0.365
735,0.3565
736,0.0
737,0.5329999999999999
738,0.0
739,0.5475
740,0.018
741,0.0
742,-0.389
743,0.0
744,0.0
745,0.0
746,0.706
747,0.706
748,0.706
749,0.706
750,0.706
751,0.706
752,0.0
753,0.0
754,0.0
755,0.0
756,0.0
757,0.0
758,0.0
759,0.0
760,0.0
761,0.0
762,0.0
763,0.0
764,0.0
765,0.0
766,0.0
767,0.0
768,0.0
769,0.0
770,0.0
771,0.0
772,0.0
773,0.0
774,0.0
775,0.0
776,0.0
777,0.0
778,0.197
779,0.19083333333333333
780,0.19083333333333333
781,0.19083333333333333
782,0.0
783,0.0
784,0.456
785,0.0
786,0.0
787,0.0
788,0.365
789,0.3565
790,0.0
791,0.5329999999999999
792,0.0
793,0.5475
794,0.018
795,0.0
796,-0.389
797,0.0
798,0.0
799,0.0
800,0.706
801,0.706
802,0.706
803,0.706
804,0.706
805,0.706
806,0.0
807,0.0
808,0.0
809,0.0
810,0.0
811,0.0
812,0.0
813,0.0
814,0.0
815,0.0
816,0.0
817,0.0
818,0.0
819,0.0
820,0.0
821,0.0
822,0.0
823,0.0
824,0.006500000000000006
825,0.0
826,0.0
827,0.1805
828,0.398
829,0.0
830,0.45
831,0.353
832,0.196
833,0.0
834,-0.0465
835,0.0
836,0.633
837,0.597
838,0.4046666666666667
839,0.21766666666666667
840,0.2426
841,0.30325
842,0.658
843,-0.122
844,0.0
845,0.0
846,0.07020000000000001
847,0.44
848,0.0
849,0.0
850,0.0
851,0.0
852,0.0
853,0.0
854,0.0
855,0.0
856,0.0
857,0.0
858,0.0
859,0.0
860,0.0
861,0.0
862,0.0
863,0.0
864,0.0
865,0.0
866,0.0
867,0.0
868,0.0
869,0.0
870,0.0
871,0.0
872,0.746
873,0.0
874,0.0
875,0.0
876,0.381
877,0.0
878,0.22025000000000003
879,0.1824285714285714
880,0.21614285714285716
881,0.1575
882,0.22916666666666666
883,0.3165
884,0.0
885,0.0
886,0.0
887,0.0
888,0.0
889,0.0
890,0.0
891,0.0
892,0.0
893,0.0
894,0.0
895,0.0
896,0.0
897,0.0
898,0.0
899,0.0
900,0.0
901,0.0
902,0.746
903,0.0
904,0.0
905,0.0
906,0.0
907,0.0
908,1.0
909,0.375
910,0.0
911,0.0
912,0.0
913,0.0
914,0.0
915,0.0
916,0.063
917,0.0
918,0.416
919,0.0
920,0.0
921,0.0
922,0.063
923,0.0
924,0.416
925,0.0
926,0.12366666666666666
927,0.0007500000000000007
928,0.03200000000000001
929,0.011333333333333334
930,0.12366666666666666
931,-0.093
932,0.0
933,0.0
934,0.368
935,0.006500000000000006
936,0.732
937,0.179
938,0.0
939,0.0
940,0.0
941,0.0
942,0.0
943,0.0
944,0.30866666666666664
945,0.43333333333333335
946,0.677
947,0.1145
948,0.30516666666666664
949,0.1515
950,0.0
951,0.0
952,0.0
953,0.0
954,0.0
955,0.0
956,0.0
957,0.0
958,0.0
959,0.0
960,0.0
961,0.0
962,0.0
963,0.0
964,0.0
965,0.431
966,0.0
967,0.0
968,0.0
969,0.0
970,0.658
971,0.4383333333333333
972,0.658
973,0.658
974,0.0
975,0.0
976,0.658
977,0.4383333333333333
978,0.658
979,0.658
980,0.268
981,0.0
982,0.2695
983,0.009
984,0.2695
985,0.2695
986,-0.093
987,0.3265
988,-0.1075
989,-0.093
990,0.0
991,0.13840000000000002
992,0.221
993,0.0
994,0.221
995,0.1105
996,0.1255
997,0.221
998,0.0
999,0.0
1000,0.0
1001,0.525
1002,0.229
1003,0.0
1004,0.0
1005,0.0
1006,0.139
1007,0.1
1008,0.0
1009,0.0
1010,0.0
1011,0.0
1012,0.0
1013,0.0
1014,0.0
1015,0.0
1016,0.0
1017,0.0
1018,0.0
1019,0.0
1020,0.0
1021,0.0
1022,0.265
1023,0.0
1024,0.268
1025,0.0
1026,0.625
1027,0.0
1028,0.265
1029,0.0
1030,0.268
1031,0.0
1032,0.625
1033,0.0
1034,0.2215
1035,0.241
1036,0.0
1037,0.10099999999999999
1038,0.2215
1039,0.1515
1040,0.221
1041,0.0
1042,0.2563333333333333
1043,0.104
1044,0.0
1045,0.04666666666666667
1046,0.133
1047,0.0
1048,0.0
1049,0.221
1050,0.0
1051,0.221
1052,0.274
1053,0.332
1054,0.234
1055,0.0315
1056,0.634
1057,0.537
1058,0.456
1059,0.746
1060,0.3355
1061,0.0
1062,0.4176666666666667
1063,0.228
1064,0.0
1065,0.0
1066,0.0
1067,0.0
1068,0.0
1069,0.0
1070,0.0
1071,-0.146
1072,0.0
1073,-0.086
1074,0.0
1075,0.746
1076,0.0
1077,0.0
1078,0.0
1079,0.0
1080,0.656
1081,0.0
1082,0.0
1083,0.0
1084,0.0
1085,0.0
1086,0.656
1087,0.0
1088,0.0
1089,0.157
1090,0.0
1091,0.0
1092,0.464
1093,0.332
1094,0.0
1095,0.0
1096,0.0
1097,0.0
1098,-0.118
1099,0.0
1100,0.658
1101,0.368
1102,0.5115000000000001
1103,0.0
1104,0.0
1105,0.018
1106,0.223
1107,-0.093
1108,0.0
1109,0.4955
1110,0.0
1111,0.0
1112,0.0
1113,0.0
1114,0.0
1115,0.0
1116,0.0
1117,0.0
1118,0.0
1119,0.0
1120,0.0
1121,0.0
1122,0.0
1123,0.0
1124,0.0
1125,0.0
1126,0.0
1127,0.0
1128,0.0
1129,0.0
1130,0.19774999999999998
1131,0.5855
1132,0.656
1133,0.634
1134,0.746
1135,0.634
1136,0.19774999999999998
1137,0.5855
1138,0.656
1139,0.634
1140,0.746
1141,0.634
1142,0.1765
1143,0.111
1144,0.713
1145,0.366
1146,0.732
1147,0.3505
1148,0.009
1149,0.27566666666666667
1150,0.1195
1151,0.4155
1152,0.1195
1153,0.18433333333333335
1154,0.0
1155,0.0
1156,0.0
1157,0.0
1158,0.0
1159,0.0
1160,0.0
1161,0.0
1162,0.0
1163,0.493
1164,0.0
1165,0.0
1166,0.0
1167,0.0
1168,0.0
1169,0.0
1170,0.0
1171,0.0
1172,0.18633333333333332
1173,0.19249999999999998
1174,0.103
1175,0.25666666666666665
1176,0.25666666666666665
1177,0.103
1178,0.0
1179,0.0
1180,0.0
1181,0.0
1182,0.0
1183,0.0
1184,0.0
1185,0.656
1186,0.0
1187,0.0
1188,0.0
1189,0.0
1190,0.0
1191,0.656
1192,0.0
1193,0.0
1194,0.157
1195,0.0
1196,0.0
1197,0.464
1198,0.332
1199,0.0
1200,0.0
1201,0.0
1202,0.0
1203,-0.118
1204,0.0
1205,0.658
1206,0.368
1207,0.5115000000000001
1208,0.0
1209,0.0
1210,0.018
1211,0.223
1212,-0.093
1213,0.0
1214,0.4955
1215,0.0
1216,0.0
1217,0.0
1218,0.0
1219,0.0
1220,0.0
1221,0.0
1222,0.0
1223,0.0
1224,0.0
1225,0.0
1226,0.0
1227,0.0
1228,0.0
1229,0.0
1230,0.0
1231,0.0
1232,0.0
1233,0.0
1234,0.0
1235,0.0
1236,0.09499999999999999
1237,0.0
1238,0.0
1239,0.0
1240,0.0
1241,0.0
1242,0.09499999999999999
1243,0.0
1244,0.0
1245,0.0
1246,0.0
1247,0.18
1248,0.0
1249,0.464
1250,0.0
1251,0.0
1252,0.0
1253,0.0
1254,0.0
1255,0.0
1256,0.0
1257,0.0
1258,0.018
1259,0.0
1260,0.0
1261,0.0
1262,0.0
1263,0.018
1264,0.0
1265,0.0
1266,0.0
1267,0.0
1268,0.0
1269,0.0
1270,0.0
1271,0.0
1272,0.0
1273,0.0
1274,0.0
1275,0.0
1276,0.0
1277,0.0
1278,0.0
1279,0.0
1280,0.0
1281,0.0
1282,0.0
1283,0.0
1284,0.0
1285,0.0
1286,0.0
1287,0.333
1288,0.0
1289,0.0
1290,0.0
1291,0.0
1292,0.0
1293,0.0
1294,0.0
1295,0.0
1296,0.0
1297,0.0
1298,0.0
1299,0.0
1300,0.746
1301,0.0
1302,0.0
1303,0.0
1304,0.381
1305,0.0
1306,0.22025000000000003
1307,0.1824285714285714
1308,0.21614285714285716
1309,0.1575
1310,0.22916666666666666
1311,0.3165
1312,0.0
1313,0.0
1314,0.0
1315,0.0
1316,0.0
1317,0.0
1318,0.0
1319,0.0
1320,0.0
1321,0.0
1322,0.0
1323,0.0
1324,0.0
1325,0.0
1326,0.0
1327,0.0
1328,0.0
1329,0.0
1330,0.746
1331,0.0
1332,0.0
1333,0.0
1334,0.0
1335,0.0
1336,1.0
1337,0.375
1338,0.0
1339,0.0
1340,0.0
1341,0.0
1342,0.286
1343,0.286
1344,0.286
1345,0.286
1346,0.286
1347,0.286
1348,0.286
1349,0.286
1350,0.286
1351,0.286
1352,0.286
1353,0.286
1354,0.0
1355,0.0
1356,0.0
1357,0.742
1358,-0.157
1359,0.42333333333333334
1360,0.09
1361,0.063
1362,0.063
1363,0.0
1364,0.6
1365,0.0
1366,0.0
1367,0.0
1368,0.0
1369,0.0
1370,0.0
1371,0.4046666666666667
1372,0.368
1373,0.0
1374,0.19033333333333333
1375,0.127
1376,0.049666666666666665
1377,0.0
1378,0.217
1379,0.0
1380,0.0
1381,0.0
1382,0.0
1383,0.0
1384,0.0
1385,0.0
1386,0.0
1387,0.0
1388,0.0
1389,0.6735
1390,0.0
1391,0.746
1392,0.443
1393,0.493
1394,0.0
1395,0.0
1396,0.0
1397,0.0
1398,0.0
1399,0.0
1400,0.0
1401,0.0
1402,0.0
1403,0.0
1404,0.0
1405,0.0
1406,0.0
1407,0.746
1408,0.0
1409,0.0
1410,0.0
1411,0.381
1412,0.0
1413,0.22025000000000003
1414,0.1824285714285714
1415,0.21614285714285716
1416,0.1575
1417,0.22916666666666666
1418,0.3165
1419,0.0
1420,0.0
1421,0.0
1422,0.0
1423,0.0
1424,0.0
1425,0.0
1426,0.0
1427,0.0
1428,0.0
1429,0.0
1430,0.0
1431,0.0
1432,0.0
1433,0.0
1434,0.0
1435,0.0
1436,0.0
1437,0.746
1438,0.0
1439,0.0
1440,0.0
1441,0.0
1442,0.0
1443,1.0
1444,0.375
1445,0.0
1446,0.0
1447,0.0
1448,0.0
1449,0.0
1450,0.0
1451,0.0
1452,0.746
1453,0.0
1454,0.0
1455,0.0
1456,0.0
1457,0.0
1458,0.746
1459,0.0
1460,0.0
1461,0.0
1462,0.0
1463,0.0
1464,0.0
1465,0.0
1466,0.0
1467,0.0
1468,0.0
1469,0.0
1470,0.0
1471,0.1
1472,0.0
1473,0.0
1474,0.0
1475,0.0525
1476,-0.068
1477,0.0
1478,0.009
1479,0.0
1480,0.0
1481,0.0
1482,0.0
1483,0.0
1484,0.0
1485,0.0
1486,0.0
1487,0.0
1488,0.0
1489,-0.0165
1490,0.0
1491,0.46499999999999997
1492,0.2385
1493,0.0895
1494,0.34425
1495,0.399
1496,0.08600000000000001
1497,0.0
1498,0.0
1499,0.0
1500,0.0
1501,0.3
1502,0.0
1503,0.0
1504,0.0
1505,0.0
1506,0.0
1507,0.0
1508,0.0
1509,0.0
1510,0.0
1511,0.0
1512,0.0
1513,0.0
1514,0.0
1515,0.0
1516,0.658
1517,0.0
1518,0.0
1519,0.0
1520,0.353
1521,0.0
1522,0.512
1523,0.512
1524,0.0
1525,0.746
1526,-0.211
1527,0.443
1528,0.0
1529,0.0
1530,0.0
1531,0.18
1532,0.0
1533,0.221
1534,0.633
1535,0.221
1536,0.427
1537,0.1665
1538,0.111
1539,0.221
1540,0.24733333333333332
1541,0.221
1542,0.221
1543,0.221
1544,0.221
1545,-0.145
1546,-0.4
1547,0.0
1548,0.572
1549,0.0
1550,0.0
1551,0.0
1552,0.221
1553,0.0
1554,0.221
1555,0.0
1556,0.221
1557,0.0
1558,0.0
1559,-0.118
1560,-0.314
1561,-0.314
1562,0.0
1563,0.0
1564,-0.118
1565,-0.314
1566,-0.314
1567,0.0
1568,0.0
1569,0.0
1570,0.0
1571,0.0
1572,0.0
1573,0.678
1574,0.443
1575,0.0
1576,0.0
1577,0.0
1578,0.0
1579,0.0
1580,0.0
1581,0.0
1582,0.0
1583,0.0
1584,0.0
1585,0.0
1586,0.0
1587,0.617
1588,0.0
1589,0.617
1590,0.0
1591,0.0
1592,0.746
1593,0.0
1594,0.0
1595,0.0
1596,0.0
1597,0.0
1598,0.14
1599,-0.118
1600,0.0
1601,-0.0995
1602,0.0
1603,0.2165
1604,0.339
1605,0.416
1606,0.373
1607,0.0
1608,0.0
1609,0.0
1610,0.063
1611,0.14
1612,0.0
1613,0.353
1614,0.0
1615,0.0
1616,0.063
1617,0.14
1618,0.0
1619,0.353
1620,0.0
1621,0.278
1622,0.746
1623,0.3345
1624,0.188
1625,0.09
1626,0.221
1627,0.0
1628,0.0
1629,0.484
1630,0.0
1631,0.507
1632,0.433
1633,0.15866666666666665
1634,0.366
1635,0.018
1636,0.4245
1637,0.0
1638,0.111
1639,0.0
1640,0.0
1641,0.0
1642,0.0
1643,0.0
1644,0.0
1645,0.464
1646,0.3345
1647,0.0
1648,-0.083
1649,0.14
1650,0.0
1651,0.353
1652,0.282
1653,0.0
1654,0.0
1655,0.353
1656,0.617
1657,0.0
1658,0.0
1659,0.0
1660,0.0
1661,0.0
1662,0.0
1663,0.0
1664,0.0
1665,0.0
1666,0.0
1667,0.0
1668,0.0
1669,0.678
1670,0.464
1671,0.221
1672,0.0
1673,0.221
1674,0.0
1675,0.0
1676,0.0
1677,0.0
1678,0.0
1679,0.0
1680,0.0
1681,0.45
1682,0.689
1683,0.0
1684,0.0
1685,0.0
1686,0.689
1687,0.0
1688,0.0
1689,0.221
1690,0.221
1691,0.221
1692,-0.093
1693,0.0
1694,0.0
1695,0.0
1696,0.0
1697,0.0
1698,0.0
1699,0.221
1700,-0.093
1701,0.255
1702,-0.0465
1703,0.221
1704,0.221
1705,0.221
1706,0.221
1707,0.221
1708,0.221
1709,0.221
1710,0.221
1711,0.0
1712,0.0
1713,0.0
1714,0.0
1715,0.656
1716,0.0
1717,0.0
1718,0.0
1719,0.0
1720,0.0
1721,0.656
1722,0.0
1723,0.0
1724,0.157
1725,0.0
1726,0.0
1727,0.464
1728,0.332
1729,0.0
1730,0.0
1731,0.0
1732,0.0
1733,-0.118
1734,0.0
1735,0.658
1736,0.368
1737,0.5115000000000001
1738,0.0
1739,0.0
1740,0.018
1741,0.223
1742,-0.093
1743,0.0
1744,0.4955
1745,0.0
1746,0.0
1747,0.0
1748,0.0
1749,0.0
1750,0.0
1751,0.0
1752,0.0
1753,0.0
1754,0.0
1755,0.0
1756,0.0
1757,0.0
1758,0.0
1759,0.0
1760,0.0
1761,0.0
1762,0.0
1763,0.0
1764,0.0
1765,0.29100000000000004
1766,0.0
1767,0.0
1768,-0.06933333333333333
1769,-0.208
1770,-0.208
1771,0.29100000000000004
1772,0.0
1773,0.0
1774,-0.06933333333333333
1775,-0.208
1776,-0.208
1777,0.0
1778,0.0
1779,0.0
1780,0.0
1781,0.0
1782,0.0
1783,0.0
1784,0.0
1785,0.511
1786,0.0
1787,0.0
1788,-0.146
1789,0.0
1790,0.007
1791,0.22666666666666668
1792,0.0
1793,-0.093
1794,0.0
1795,0.221
1796,0.221
1797,0.221
1798,0.221
1799,0.221
1800,0.221
1801,0.746
1802,0.0
1803,0.0
1804,0.746
1805,0.0
1806,0.0
1807,0.13933333333333334
1808,0.221
1809,0.0
1810,0.0
1811,0.221
1812,0.221
1813,0.034666666666666665
1814,0.0
1815,0.746
1816,0.0
1817,0.0
1818,0.0
1819,0.0
1820,0.0
1821,0.0
1822,0.0
1823,0.0
1824,0.0
1825,0.0
1826,0.0
1827,0.0
1828,0.0
1829,0.0
1830,0.0
1831,0.746
1832,0.0
1833,0.0
1834,0.0
1835,0.381
1836,0.0
1837,0.22025000000000003
1838,0.1824285714285714
1839,0.21614285714285716
1840,0.1575
1841,0.22916666666666666
1842,0.3165
1843,0.0
1844,0.0
1845,0.0
1846,0.0
1847,0.0
1848,0.0
1849,0.0
1850,0.0
1851,0.0
1852,0.0
1853,0.0
1854,0.0
1855,0.0
1856,0.0
1857,0.0
1858,0.0
1859,0.0
1860,0.0
1861,0.746
1862,0.0
1863,0.0
1864,0.0
1865,0.0
1866,0.0
1867,1.0
1868,0.375
1869,0.0
1870,0.0
1871,0.0
1872,0.0
1873,0.07733333333333334
1874,0.1
1875,0.464
1876,0.289
1877,0.353
1878,0.317
1879,0.07733333333333334
1880,0.1
1881,0.464
1882,0.289
1883,0.353
1884,0.317
1885,0.0
1886,0.51
1887,0.61
1888,0.524
1889,0.0
1890,0.309
1891,0.0
1892,0.617
1893,0.221
1894,0.0
1895,0.221
1896,0.556
1897,0.0
1898,-0.122
1899,0.278
1900,0.659
1901,0.0
1902,0.512
1903,0.512
1904,0.476
1905,0.0
1906,0.0
1907,0.11766666666666666
1908,0.357
1909,0.357
1910,0.357
1911,0.357
1912,0.142
1913,0.357
1914,0.267
1915,0.0
1916,0.0
1917,0.0
1918,0.0
1919,0.0
1920,0.515
1921,0.49
1922,0.0
1923,-0.122
1924,0.712
1925,0.746
1926,0.0
1927,0.431
1928,0.0
1929,0.377
1930,0.0
1931,0.0
1932,0.0
1933,0.431
1934,0.0
1935,0.377
1936,0.0
1937,0.0
1938,0.06
1939,0.063
1940,0.252
1941,0.34775
1942,0.0
1943,0.20933333333333334
1944,0.0
1945,0.0
1946,0.0
1947,0.0
1948,0.0
1949,0.0
1950,0.0
1951,0.0
1952,0.0
1953,0.0
1954,0.0
1955,0.0
1956,0.0
1957,0.0
1958,0.0
1959,0.0
1960,0.0
1961,0.0
1962,0.0
1963,0.0
1964,0.0
1965,0.0
1966,0.0
1967,0.0
1968,0.221
1969,0.221
1970,-0.6
1971,0.373
1972,0.21933333333333335
1973,0.0
1974,-0.068
1975,0.043
1976,0.0
1977,0.476
1978,-0.1585
1979,0.474
1980,0.0
1981,0.099
1982,0.713
1983,0.45
1984,0.009
1985,0.493
1986,0.0
1987,0.099
1988,0.713
1989,0.45
1990,0.009
1991,0.493
1992,0.28225
1993,0.14
1994,0.6185
1995,0.0
1996,0.1105
1997,0.1145
1998,0.221
1999,-0.375
2000,0.742
2001,0.0
2002,0.0
2003,0.0
2004,0.0
2005,0.0
2006,0.0
2007,0.0
2008,0.0
2009,0.0
2010,0.0
2011,0.005999999999999999
2012,0.08325
2013,0.06
2014,0.0
2015,0.06599999999999999
2016,0.0
2017,0.018
2018,0.0
2019,0.317
2020,0.0
2021,0.0
2022,0.0
2023,0.38799999999999996
2024,0.0
2025,0.51
2026,0.746
2027,0.221
2028,0.0
2029,0.0
2030,0.0
2031,0.429
2032,0.0
2033,0.0
2034,0.0
2035,0.063
2036,0.14
2037,0.0
2038,0.353
2039,0.0
2040,0.0
2041,0.063
2042,0.14
2043,0.0
2044,0.353
2045,0.0
2046,0.278
2047,0.746
2048,0.3345
2049,0.188
2050,0.09
2051,0.221
2052,0.0
2053,0.0
2054,0.484
2055,0.0
2056,0.507
2057,0.433
2058,0.15866666666666665
2059,0.366
2060,0.018
2061,0.4245
2062,0.0
2063,0.111
2064,0.0
2065,0.0
2066,0.0
2067,0.0
2068,0.0
2069,0.0
2070,0.464
2071,0.3345
2072,0.0
2073,-0.083
2074,0.14
2075,0.0
2076,0.353
2077,0.282
2078,0.0
2079,0.0
2080,0.353
2081,0.617
2082,0.0
2083,0.0
2084,0.0
2085,0.0
2086,0.0
2087,0.0
2088,-0.081
2089,0.0
2090,0.0
2091,0.0
2092,0.0
2093,0.0
2094,-0.081
2095,0.0
2096,0.0
2097,0.0
2098,0.0
2099,0.0
2100,0.0
2101,0.572
2102,0.0
2103,0.678
2104,0.0
2105,0.0
2106,0.0
2107,-0.122
2108,0.0
2109,0.746
2110,0.005999999999999999
2111,0.0
2112,0.0
2113,0.564
2114,0.564
2115,0.0
2116,0.0
2117,0.221
2118,0.0
2119,0.0
2120,0.0
2121,0.0
2122,0.0
2123,0.0
2124,0.0
2125,0.0
2126,0.732
2127,0.0
2128,0.0
2129,0.0
2130,0.0
2131,0.221
2132,0.0
2133,0.1105
2134,0.221
2135,0.0
2136,0.539
2137,0.0
2138,0.0
2139,0.0
2140,0.0
2141,0.0
2142,0.0
2143,0.41050000000000003
2144,0.6116666666666667
2145,0.412
2146,0.0
2147,0.0
2148,0.0
2149,0.41050000000000003
2150,0.6116666666666667
2151,0.412
2152,0.0
2153,0.0
2154,0.11766666666666666
2155,0.0
2156,0.24866666666666667
2157,0.0
2158,0.05
2159,0.61
2160,0.713
2161,0.0
2162,0.742
2163,0.246
2164,0.0
2165,0.0
2166,0.1335
2167,0.7056666666666667
2168,0.0
2169,0.242
2170,0.0
2171,0.0
2172,0.0
2173,0.36933333333333335
2174,0.14
2175,0.0
2176,0.0
2177,0.0
2178,0.0
2179,0.0
2180,0.0
2181,0.0
2182,0.633
2183,0.633
2184,0.0
2185,0.0
2186,0.0
2187,0.0
2188,0.0
2189,0.0
2190,0.1145
2191,0.0
2192,0.0
2193,0.525
2194,0.737
2195,0.0
2196,0.221
2197,0.221
2198,0.40349999999999997
2199,0.221
2200,0.221
2201,0.18
2202,0.221
2203,0.221
2204,0.40349999999999997
2205,0.221
2206,0.221
2207,0.18
2208,0.0
2209,0.0
2210,0.0
2211,0.0
2212,0.0
2213,0.0
2214,0.0
2215,0.0
2216,0.0
2217,0.0
2218,0.0
2219,0.0
2220,0.0
2221,0.0
2222,0.0
2223,0.0
2224,0.0
2225,0.0
2226,-0.1475
2227,-0.093
2228,0.20850000000000002
2229,0.07266666666666667
2230,0.1
2231,-0.081
2232,0.0
2233,0.0
2234,0.0
2235,0.0
2236,0.0
2237,0.45
2238,0.14
2239,0.746
2240,0.16433333333333333
2241,0.0435
2242,0.0
2243,0.0
2244,0.737
2245,0.232
2246,0.373
2247,0.724
2248,0.0
2249,0.0
2250,0.0
2251,0.0
2252,0.0
2253,0.0
2254,0.0
2255,0.0
2256,0.0
2257,0.0
2258,0.0
2259,0.0
2260,0.0
2261,0.0
2262,0.0
2263,0.0
2264,0.0
2265,0.0
2266,0.0
2267,0.0
2268,0.0
2269,0.0
2270,0.0
2271,0.0
2272,0.0
2273,0.0
2274,0.0
2275,0.0
2276,0.197
2277,0.19083333333333333
2278,0.19083333333333333
2279,0.19083333333333333
2280,0.0
2281,0.0
2282,0.456
2283,0.0
2284,0.0
2285,0.0
2286,0.365
2287,0.3565
2288,0.0
2289,0.5329999999999999
2290,0.0
2291,0.5475
2292,0.018
2293,0.0
2294,-0.389
2295,0.0
2296,0.0
2297,0.0
2298,0.706
2299,0.706
2300,0.706
2301,0.706
2302,0.706
2303,0.706
2304,0.0
2305,0.0
2306,0.0
2307,0.0
2308,0.0
2309,0.0
2310,0.0
2311,0.0
2312,0.0
2313,0.0
2314,0.0
2315,0.0
2316,0.221
2317,0.0
2318,0.0
2319,0.221
2320,0.221
2321,0.221
2322,0.6615
2323,0.0
2324,0.0
2325,0.0
2326,0.645
2327,0.037
2328,0.111
2329,0.0
2330,0.0
2331,0.0
2332,0.0
2333,0.0
2334,0.0
2335,0.0
2336,0.0
2337,0.0
2338,0.123
2339,0.0
2340,0.0
2341,0.0
2342,0.0
2343,0.0
2344,0.0
2345,0.0
2346,0.0
2347,0.691
2348,0.07966666666666668
2349,0.2468
2350,0.0
2351,0.494
2352,0.0
2353,0.06666666666666667
2354,0.0
2355,0.0635
2356,0.0635
2357,0.0
2358,-0.146
2359,0.0
2360,-0.093
2361,0.221
2362,0.0
2363,0.0
2364,-0.146
2365,0.0
2366,-0.093
2367,0.221
2368,0.0
2369,0.0
2370,0.0
2371,0.0
2372,0.0
2373,0.0
2374,0.0
2375,0.123
2376,0.0
2377,0.0
2378,0.0
2379,0.0
2380,0.493
2381,0.0
2382,0.0
2383,0.0
2384,0.0
2385,0.0
2386,0.0
2387,0.0
2388,0.0895
2389,0.179
2390,0.0
2391,0.0
2392,0.2625
2393,0.0
2394,0.612
2395,0.0
2396,0.0
2397,0.0
2398,0.0
2399,0.0
2400,0.0
2401,0.0972
2402,0.0
2403,0.0
2404,0.2465
2405,0.0
2406,0.0
2407,0.0
2408,0.0
2409,0.0
2410,0.0
2411,0.29533333333333334
2412,0.493
2413,0.0
2414,0.07
2415,0.701
2416,0.0
2417,0.29533333333333334
2418,0.493
2419,0.0
2420,0.07
2421,0.701
2422,0.0
2423,0.0
2424,0.0
2425,0.0
2426,0.0
2427,0.0
2428,0.0
2429,0.0
2430,0.018
2431,0.0
2432,0.0
2433,0.0
2434,-0.02
2435,0.0
2436,0.0
2437,0.634
2438,0.18
2439,0.371
2440,0.61
2441,0.0
2442,0.0
2443,0.0
2444,0.0
2445,0.624
2446,0.0
2447,0.0
2448,0.0
2449,0.2305
2450,0.23475000000000001
2451,0.18
2452,0.45
2453,0.564
2454,0.412
2455,0.206
2456,0.18
2457,0.0
2458,0.0
2459,0.746
2460,0.0
2461,0.0
2462,0.0
2463,0.285
2464,0.0
2465,0.41050000000000003
2466,0.6116666666666667
2467,0.412
2468,0.0
2469,0.0
2470,0.0
2471,0.41050000000000003
2472,0.6116666666666667
2473,0.412
2474,0.0
2475,0.0
2476,0.11766666666666666
2477,0.0
2478,0.24866666666666667
2479,0.0
2480,0.05
2481,0.61
2482,0.713
2483,0.0
2484,0.742
2485,0.246
2486,0.0
2487,0.0
2488,0.1335
2489,0.7056666666666667
2490,0.0
2491,0.242
2492,0.0
2493,0.0
2494,0.0
2495,0.36933333333333335
2496,0.14
2497,0.0
2498,0.0
2499,0.0
2500,0.0
2501,0.0
2502,0.0
2503,0.0
2504,0.633
2505,0.633
2506,0.0
2507,0.0
2508,0.0
2509,0.0
2510,0.0
2511,0.0
2512,0.1145
2513,0.0
2514,0.0
2515,0.525
2516,0.737
2517,0.0
2518,-0.093
2519,0.0
2520,-0.093
2521,0.0
2522,0.0
2523,0.0
2524,-0.093
2525,0.0
2526,-0.093
2527,0.0
2528,0.0
2529,0.0
2530,0.0
2531,0.0
2532,0.0
2533,0.0
2534,0.0
2535,0.0
2536,0.0
2537,0.0
2538,0.0
2539,-0.118
2540,0.0
2541,0.0
2542,0.0
2543,0.0
2544,0.0
2545,0.0
2546,0.0
2547,0.0
2548,0.0
2549,0.0
2550,-0.146
2551,-0.146
2552,0.0
2553,0.0
2554,0.0
2555,0.0
2556,0.0
2557,0.0
2558,0.0
2559,0.0
2560,0.0
2561,0.746
2562,0.17066666666666666
2563,0.0
2564,0.17971428571428572
2565,0.0
2566,0.326
2567,0.326
2568,0.326
2569,0.326
2570,0.326
2571,0.326
2572,0.0
2573,0.353
2574,0.0
2575,0.0
2576,-0.093
2577,-0.093
2578,0.0
2579,0.353
2580,0.0
2581,0.0
2582,-0.093
2583,-0.093
2584,0.746
2585,0.746
2586,0.4563333333333333
2587,0.20550000000000002
2588,0.746
2589,0.393
2590,0.0
2591,0.0
2592,0.0
2593,0.0
2594,0.0
2595,0.0
2596,0.0
2597,0.0
2598,0.0
2599,0.0
2600,0.0
2601,0.0
2602,0.0
2603,0.0
2604,0.0
2605,0.0
2606,0.0
2607,0.0
2608,0.0
2609,0.0
2610,0.0
2611,0.0
2612,0.0
2613,0.0
2614,0.0
2615,0.0
2616,0.0
2617,0.353
2618,0.0
2619,0.0
2620,0.0
2621,0.0
2622,0.14
2623,0.0
2624,0.0
2625,0.0
2626,0.29490909090909095
2627,0.538
2628,0.07
2629,0.14
2630,0.085
2631,0.0464
2632,0.29490909090909095
2633,0.538
2634,0.07
2635,0.14
2636,0.085
2637,0.0464
2638,0.0
2639,0.0
2640,0.0
2641,0.0
2642,0.746
2643,0.0
2644,0.12175000000000001
2645,0.0
2646,0.0
2647,0.0
2648,0.0
2649,0.0
2650,0.0
2651,0.155
2652,0.34933333333333333
2653,0.0
2654,0.06020000000000001
2655,0.14
2656,0.0
2657,0.353
2658,0.645
2659,0.0
2660,0.0
2661,0.0
2662,0.0
2663,0.0
2664,0.0
2665,0.0
2666,0.0
2667,0.0
2668,0.0
2669,0.0
2670,0.0
2671,0.0
2672,0.0
2673,-0.375
2674,0.0
2675,0.0
2676,0.0
2677,0.0
2678,0.0
2679,0.0
2680,0.0
2681,0.41050000000000003
2682,0.6116666666666667
2683,0.412
2684,0.0
2685,0.0
2686,0.0
2687,0.41050000000000003
2688,0.6116666666666667
2689,0.412
2690,0.0
2691,0.0
2692,0.11766666666666666
2693,0.0
2694,0.24866666666666667
2695,0.0
2696,0.05
2697,0.61
2698,0.713
2699,0.0
2700,0.742
2701,0.246
2702,0.0
2703,0.0
2704,0.1335
2705,0.7056666666666667
2706,0.0
2707,0.242
2708,0.0
2709,0.0
2710,0.0
2711,0.36933333333333335
2712,0.14
2713,0.0
2714,0.0
2715,0.0
2716,0.0
2717,0.0
2718,0.0
2719,0.0
2720,0.633
2721,0.633
2722,0.0
2723,0.0
2724,0.0
2725,0.0
2726,0.0
2727,0.0
2728,0.1145
2729,0.0
2730,0.0
2731,0.525
2732,0.737
2733,0.0
2734,0.272
2735,0.5565
2736,0.2465
2737,0.0645
2738,0.24100000000000002
2739,0.493
2740,0.272
2741,0.5565
2742,0.2465
2743,0.0645
2744,0.24100000000000002
2745,0.493
2746,0.0
2747,0.0
2748,0.0
2749,0.564
2750,0.0
2751,0.0
2752,0.549
2753,0.291
2754,0.56275
2755,0.009
2756,0.221
2757,0.3425
2758,0.0
2759,0.0
2760,0.0
2761,0.0
2762,0.0
2763,0.0
2764,0.0
2765,0.0
2766,0.0
2767,0.0
2768,0.0
2769,0.0
2770,0.0
2771,0.0
2772,0.0
2773,0.0
2774,0.0
2775,0.0
2776,0.19
2777,0.0
2778,0.0
2779,0.0
2780,0.0
2781,0.746
2782,0.221
2783,0.06666666666666667
2784,0.0
2785,0.0
2786,0.0
2787,0.0
2788,0.0
2789,0.41050000000000003
2790,0.6116666666666667
2791,0.412
2792,0.0
2793,0.0
2794,0.0
2795,0.41050000000000003
2796,0.6116666666666667
2797,0.412
2798,0.0
2799,0.0
2800,0.11766666666666666
2801,0.0
2802,0.24866666666666667
2803,0.0
2804,0.05
2805,0.61
2806,0.713
2807,0.0
2808,0.742
2809,0.246
2810,0.0
2811,0.0
2812,0.1335
2813,0.7056666666666667
2814,0.0
2815,0.242
2816,0.0
2817,0.0
2818,0.0
2819,0.36933333333333335
2820,0.14
2821,0.0
2822,0.0
2823,0.0
2824,0.0
2825,0.0
2826,0.0
2827,0.0
2828,0.633
2829,0.633
2830,0.0
2831,0.0
2832,0.0
2833,0.0
2834,0.0
2835,0.0
2836,0.1145
2837,0.0
2838,0.0
2839,0.525
2840,0.737
2841,0.0
2842,0.0
2843,0.0
2844,0.0
2845,0.0
2846,0.0
2847,0.0
2848,0.0
2849,0.0
2850,0.0
2851,0.0
2852,0.0
2853,0.0
2854,0.0
2855,0.0
2856,0.0
2857,0.0
2858,0.0
2859,0.0
2860,0.746
2861,-0.093
2862,0.746
2863,0.0
2864,0.009
2865,0.0
2866,0.0
2867,0.0
2868,0.0
2869,0.0
2870,0.0
2871,0.0
2872,0.0
2873,0.0
2874,0.353
2875,0.466
2876,0.0
2877,0.0
2878,0.0
2879,0.0
2880,0.0
2881,0.0
2882,0.0
2883,0.658
2884,0.713
2885,0.0
2886,0.689
2887,0.0
2888,0.0
2889,0.0
2890,-0.01
2891,0.0
2892,0.0
2893,0.0
2894,0.219
2895,0.14
2896,-0.146
2897,0.0
2898,-0.093
2899,0.221
2900,0.0
2901,0.0
2902,-0.146
2903,0.0
2904,-0.093
2905,0.221
2906,0.0
2907,0.0
2908,0.0
2909,0.0
2910,0.0
2911,0.0
2912,0.0
2913,0.123
2914,0.0
2915,0.0
2916,0.0
2917,0.0
2918,0.493
2919,0.0
2920,0.0
2921,0.0
2922,0.0
2923,0.0
2924,0.0
2925,0.0
2926,0.0895
2927,0.179
2928,0.0
2929,0.0
2930,0.2625
2931,0.0
2932,0.612
2933,0.0
2934,0.0
2935,0.0
2936,0.0
2937,0.0
2938,0.0
2939,0.0972
2940,0.0
2941,0.0
2942,0.2465
2943,0.0
2944,0.0
2945,0.0
2946,0.0
2947,0.0
2948,0.0
2949,0.149
2950,0.0
2951,0.444
2952,0.0
2953,0.0
2954,-0.068
2955,0.149
2956,0.0
2957,0.444
2958,0.0
2959,0.0
2960,-0.068
2961,0.259
2962,0.23066666666666666
2963,0.018
2964,0.3045
2965,0.0
2966,0.1965
2967,0.0
2968,0.0
2969,0.746
2970,0.221
2971,0.0
2972,0.0
2973,0.221
2974,0.0
2975,0.0
2976,0.221
2977,0.542
2978,0.773
2979,0.0
2980,0.0
2981,0.0
2982,0.0
2983,0.0
2984,0.0
2985,-0.031
2986,0.0
2987,0.15966666666666665
2988,0.2426666666666667
2989,0.053
2990,0.27275
2991,0.0
2992,0.0
2993,0.0
2994,0.0
2995,0.0
2996,0.0
2997,0.0
2998,0.0
2999,0.0
3000,0.0
3001,0.0
3002,0.0
3003,0.0
3004,0.0
3005,0.0
3006,0.0
3007,0.0
3008,-0.012499999999999997
3009,0.0
3010,0.0
3011,0.0
3012,0.0
3013,0.0
3014,-0.012499999999999997
3015,-0.0465
3016,0.353
3017,0.246
3018,0.353
3019,0.0
3020,0.063
3021,0.4375
3022,0.3415
3023,0.43100000000000005
3024,0.3545
3025,0.2623333333333333
3026,0.3415
3027,0.0
3028,0.0
3029,-0.07866666666666666
3030,0.0
3031,0.0
3032,0.4573333333333333
3033,0.353
3034,0.0
3035,0.331
3036,0.672
3037,0.0
3038,0.0
3039,0.19
3040,0.0
3041,0.0
3042,0.0
3043,0.368
3044,0.0
3045,0.0
3046,0.0
3047,0.0
3048,0.0
3049,0.0
3050,0.0
3051,0.0
3052,0.0
3053,0.0
3054,0.0
3055,0.0
3056,0.0
3057,0.0
3058,0.0
3059,0.659
3060,0.0
3061,0.0
3062,0.0
3063,0.0
3064,0.0
3065,0.659
3066,0.0
3067,0.0
3068,0.0
3069,0.0
3070,0.0
3071,0.0
3072,0.0
3073,0.0
3074,0.0
3075,0.0
3076,0.0
3077,0.0
3078,0.0
3079,0.0
3080,0.24816666666666667
3081,0.35749999999999993
3082,0.39325000000000004
3083,0.3106
3084,0.39325000000000004
3085,0.25225
3086,0.0
3087,0.0
3088,0.0
3089,0.0
3090,0.0
3091,0.0
3092,0.0
3093,0.2465
3094,0.0
3095,0.0
3096,0.658
3097,0.0
3098,0.0
3099,0.0
3100,0.18
3101,0.267
3102,0.267
3103,0.3443333333333333
3104,0.123
3105,0.0
3106,0.0
3107,0.0
3108,0.0
3109,-0.211
3110,-0.093
3111,0.0
3112,0.0
3113,0.0
3114,0.0
3115,-0.211
3116,-0.093
3117,0.0
3118,0.25466666666666665
3119,0.29533333333333334
3120,0.443
3121,0.369
3122,0.443
3123,0.369
3124,0.267
3125,0.0
3126,0.40975
3127,0.18
3128,0.474
3129,0.5529999999999999
3130,0.0
3131,0.713
3132,0.0
3133,0.0
3134,0.0
3135,0.0
3136,0.0
3137,0.0
3138,0.0
3139,0.0
3140,0.0
3141,0.0
3142,0.0
3143,0.0
3144,0.0
3145,0.0
3146,0.0
3147,0.0
3148,0.0
3149,0.0
3150,0.0
3151,0.0
3152,0.0
3153,0.0
3154,0.0
3155,0.0
3156,0.0
3157,0.0
3158,0.095
3159,0.493
3160,0.0
3161,0.0
3162,-0.081
3163,0.0
3164,0.0
3165,0.0
3166,0.0
3167,0.0
3168,-0.081
3169,0.0
3170,0.0
3171,0.0
3172,0.209
3173,0.0
3174,0.18
3175,0.713
3176,0.123
3177,0.221
3178,0.0
3179,-0.146
3180,0.0
3181,0.18
3182,0.0
3183,0.018
3184,0.0
3185,0.582
3186,0.0
3187,0.0
3188,0.746
3189,0.0
3190,0.4495
3191,0.221
3192,0.0
3193,0.221
3194,0.221
3195,0.0
3196,0.0
3197,0.0
3198,0.0
3199,0.445
3200,0.0
3201,0.445
3202,0.634
3203,0.221
3204,-0.093
3205,0.0
3206,-0.081
3207,-0.093
3208,0.0
3209,0.063
3210,0.18
3211,0.0
3212,-0.1505
3213,-0.208
3214,0.746
3215,0.678
3216,0.746
3217,0.726
3218,0.0
3219,0.0
3220,0.746
3221,0.678
3222,0.746
3223,0.726
3224,0.0
3225,0.0
3226,0.0
3227,0.767
3228,0.0
3229,0.512
3230,0.353
3231,0.647
3232,0.0
3233,0.0
3234,0.0
3235,0.0
3236,0.0
3237,0.0
3238,0.373
3239,0.4815
3240,0.3885
3241,0.7
3242,0.5875
3243,0.5875
3244,0.28
3245,0.18
3246,0.321
3247,0.707
3248,0.3365
3249,0.746
3250,0.28
3251,0.18
3252,0.321
3253,0.707
3254,0.3365
3255,0.746
3256,0.19699999999999998
3257,0.14
3258,0.339
3259,0.61
3260,0.373
3261,0.278
3262,0.0
3263,0.0
3264,0.07
3265,0.063
3266,-0.093
3267,0.418
3268,0.26166666666666666
3269,-0.211
3270,0.4296666666666667
3271,0.0
3272,0.633
3273,0.0
3274,0.329
3275,0.0
3276,0.4296666666666667
3277,0.0
3278,0.633
3279,0.0
3280,0.329
3281,0.0
3282,0.24666666666666667
3283,0.3
3284,0.659
3285,0.427
3286,0.221
3287,0.746
3288,0.0
3289,0.633
3290,-0.0625
3291,-0.389
3292,0.0
3293,0.0
3294,0.539
3295,0.0
3296,0.0
3297,0.0
3298,0.0
3299,0.0
3300,0.0
3301,0.0
3302,0.0
3303,0.0
3304,0.0
3305,0.0
3306,0.0
3307,0.0
3308,0.0
3309,0.6595
3310,0.464
3311,0.0
3312,0.6595
3313,0.0
3314,0.0
3315,0.0
3316,0.0
3317,0.0
3318,0.0
3319,0.0
3320,0.0
3321,0.0
3322,0.0
3323,0.0
3324,0.0
3325,0.0
3326,0.0
3327,0.0
3328,0.0
3329,0.0
3330,0.0
3331,0.0
3332,0.0
3333,0.0
3334,0.0
3335,0.0
3336,0.0
3337,0.0
3338,0.0
3339,0.0
3340,0.0
3341,0.0
3342,0.0
3343,0.0
3344,0.0
3345,0.0
3346,0.0
3347,0.0
3348,0.0
3349,0.0
3350,0.0
3351,0.0
3352,0.0
3353,0.0
3354,0.0
3355,0.0
3356,0.0
3357,0.479
3358,0.18
3359,0.221
3360,0.0
3361,-0.01
3362,0.149
3363,0.0
3364,0.0
3365,0.0
3366,0.0
3367,0.0
3368,0.0
3369,0.4505
3370,0.0
3371,0.0715
3372,0.2025
3373,0.2025
3374,0.3647142857142857
3375,0.4505
3376,0.0
3377,0.0715
3378,0.2025
3379,0.2025
3380,0.3647142857142857
3381,0.0
3382,0.3505
3383,0.422
3384,0.339
3385,0.3505
3386,0.678
3387,0.0
3388,0.0
3389,0.221
3390,0.0
3391,0.0
3392,0.0
3393,0.596
3394,0.221
3395,0.221
3396,0.0
3397,0.0
3398,0.0
3399,0.4245
3400,0.0
3401,0.32299999999999995
3402,0.0
3403,0.283
3404,0.0
3405,0.4245
3406,0.0
3407,0.32299999999999995
3408,0.0
3409,0.283
3410,0.0
3411,0.425
3412,0.0
3413,0.18
3414,0.678
3415,0.521
3416,0.0
3417,-0.2415
3418,0.30400000000000005
3419,0.14
3420,0.408
3421,0.656
3422,0.07
3423,0.1765
3424,0.232
3425,0.0
3426,0.0
3427,0.0
3428,-0.122
3429,0.17500000000000002
3430,0.0
3431,0.0
3432,0.0
3433,0.0
3434,-0.122
3435,0.17500000000000002
3436,0.0
3437,0.0
3438,0.0
3439,0.0
3440,0.0
3441,0.0
3442,0.0
3443,0.0
3444,0.0
3445,0.0
3446,0.0
3447,0.0
3448,0.0
3449,0.0
3450,0.0
3451,0.0
3452,0.0
3453,0.0
3454,0.0
3455,0.0
3456,0.0
3457,0.0
3458,0.0
3459,0.0
3460,0.0
3461,0.0
3462,0.0
3463,0.0
3464,0.0
3465,-0.571
3466,0.0
3467,0.0
3468,0.0
3469,0.0
3470,0.0
3471,0.221
3472,0.0
3473,0.0
3474,0.0
3475,0.221
3476,0.0
3477,0.0
3478,0.0
3479,0.0
3480,0.0
3481,0.0
3482,0.0
3483,0.0
3484,0.0
3485,0.0
3486,0.0
3487,0.0
3488,0.0
3489,0.0
3490,0.678
3491,0.0
3492,0.0
3493,0.0
3494,0.0
3495,0.0
3496,0.0
3497,0.0
3498,0.0
3499,0.0
3500,0.0
3501,0.0
3502,0.0
3503,0.0
3504,0.0
3505,0.49266666666666664
3506,0.221
3507,0.1525
3508,0.0
3509,0.746
3510,0.04666666666666667
3511,0.0
3512,0.0
3513,0.0
3514,0.0
3515,0.382
3516,0.0
3517,0.0
3518,0.0
3519,0.0
3520,0.0
3521,0.382
3522,0.0
3523,0.0
3524,0.702
3525,0.2605
3526,0.0
3527,0.0
3528,0.746
3529,0.0
3530,0.0
3531,0.0
3532,0.0
3533,0.3142
3534,0.0
3535,0.0
3536,0.0
3537,0.492
3538,0.0
3539,0.0
3540,0.0
3541,0.0
3542,0.0
3543,0.492
3544,0.0
3545,0.0
3546,0.0
3547,0.0
3548,0.0
3549,0.6065
3550,0.678
3551,0.712
3552,0.0
3553,0.40449999999999997
3554,0.07
3555,0.29200000000000004
3556,0.464
3557,0.493
3558,0.278
3559,0.225
3560,0.366
3561,0.591
3562,0.0
3563,0.0
3564,0.0
3565,0.063
3566,0.418
3567,0.0
3568,0.2445
3569,0.0
3570,0.0
3571,0.0
3572,0.418
3573,0.0
3574,0.2445
3575,0.0
3576,0.0
3577,0.0
3578,0.742
3579,0.0
3580,0.07016666666666667
3581,0.656
3582,0.656
3583,0.656
3584,0.0
3585,0.484
3586,0.221
3587,0.0
3588,0.0
3589,0.0
3590,0.0
3591,0.0
3592,0.221
3593,0.0
3594,0.0
3595,0.0
3596,0.0
3597,0.0
3598,0.353
3599,0.083
3600,0.658
3601,0.5505
3602,0.3045
3603,0.373
3604,0.0
3605,0.0
3606,0.0
3607,0.0
3608,0.0
3609,0.0
3610,0.605
3611,0.0
3612,0.0
3613,0.0
3614,0.221
3615,0.493
3616,0.0
3617,0.0
3618,0.0
3619,0.0
3620,0.0
3621,0.0
3622,0.0
3623,0.0
3624,0.0
3625,0.0
3626,0.14
3627,1.0
3628,0.221
3629,0.0
3630,0.746
3631,0.0
3632,0.0
3633,0.0
3634,0.0
3635,0.0
3636,0.0
3637,0.0
3638,0.2906666666666667
3639,0.0
3640,0.5155000000000001
3641,0.09099999999999998
3642,0.353
3643,0.29250000000000004
3644,0.2165
3645,0.678
3646,0.746
3647,0.0
3648,0.746
3649,0.41333333333333333
3650,0.2165
3651,0.678
3652,0.746
3653,0.0
3654,0.746
3655,0.41333333333333333
3656,-0.068
3657,0.0
3658,0.111
3659,-0.034
3660,0.2995
3661,0.0
3662,0.373
3663,0.459
3664,0.0
3665,0.0
3666,0.5495
3667,0.353
3668,0.0
3669,0.0
3670,0.0
3671,0.0
3672,0.7224999999999999
3673,0.0
3674,0.7224999999999999
3675,0.746
3676,0.0
3677,0.0
3678,0.7224999999999999
3679,0.0
3680,0.7224999999999999
3681,0.746
3682,0.0
3683,0.0
3684,0.7090000000000001
3685,0.353
3686,0.368
3687,0.1765
3688,0.638
3689,0.739
3690,0.41533333333333333
3691,0.746
3692,0.41533333333333333
3693,0.0
3694,0.4835
3695,0.30933333333333335
3696,0.4835
3697,0.2355
3698,0.14
3699,0.196
3700,0.0
3701,0.0
3702,0.0
3703,0.0
3704,0.0
3705,0.0
3706,0.0
3707,0.34725
3708,0.701
3709,-0.095
3710,0.0
3711,0.10699999999999998
3712,0.0
3713,0.0
3714,-0.171
3715,0.0
3716,0.0
3717,0.0
3718,0.0
3719,0.0
3720,0.0
3721,0.0
3722,0.0
3723,0.0
3724,0.0
3725,-0.093
3726,0.0
3727,0.0
3728,0.0
3729,0.0
3730,0.0
3731,0.0
3732,0.0
3733,0.0
3734,0.0
3735,0.0
3736,0.0
3737,0.0
3738,0.018
3739,0.0
3740,0.0
3741,0.0
3742,0.0
3743,0.0
3744,0.0
3745,0.0
3746,0.0
3747,0.0
3748,0.0
3749,0.0
3750,0.0
3751,0.0
3752,0.0
3753,0.0
3754,0.0
3755,0.0
3756,0.0
3757,0.0
3758,0.0
3759,0.0
3760,0.673
3761,0.0
3762,0.673
3763,0.0
3764,0.673
3765,0.673
3766,0.0
3767,0.0
3768,0.746
3769,0.7195
3770,0.746
3771,0.746
3772,0.7195
3773,0.6975
3774,0.746
3775,0.7195
3776,0.746
3777,0.746
3778,0.7195
3779,0.6975
3780,0.0
3781,0.08625
3782,0.0
3783,0.0
3784,0.0
3785,0.0
3786,0.451
3787,0.18875
3788,0.176
3789,0.617
3790,0.6960000000000001
3791,0.0
3792,0.0
3793,0.0
3794,0.0
3795,0.0
3796,0.0
3797,0.0
3798,0.1765
3799,0.1765
3800,0.0
3801,0.0
3802,0.0
3803,0.632
3804,0.0
3805,0.45
3806,0.464
3807,0.464
3808,0.0
3809,0.0
3810,0.0
3811,0.2695
3812,0.0
3813,0.732
3814,0.0
3815,0.732
3816,0.19
3817,0.443
3818,0.221
3819,-0.01099999999999999
3820,-0.04825
3821,0.712
3822,0.1105
3823,-0.01
3824,0.221
3825,-0.01099999999999999
3826,-0.04825
3827,0.712
3828,0.1105
3829,-0.01
3830,0.0
3831,0.0
3832,0.0
3833,0.0
3834,0.0
3835,0.0
3836,0.0
3837,0.658
3838,0.4716666666666667
3839,0.40900000000000003
3840,0.7133333333333334
3841,0.539
3842,0.539
3843,0.0
3844,0.0
3845,0.0
3846,0.0
3847,0.0
3848,0.0
3849,0.0
3850,0.0
3851,0.0
3852,0.0
3853,0.0
3854,0.0
3855,0.0
3856,0.545
3857,0.0
3858,0.0
3859,0.598
3860,0.18
3861,0.0
3862,0.46299999999999997
3863,0.0
3864,0.443
3865,0.0
3866,0.443
3867,0.0
3868,0.0
3869,0.0
3870,0.652
3871,0.0
3872,0.443
3873,0.0
3874,0.0
3875,0.0
3876,0.652
3877,0.0
3878,0.0
3879,0.0
3880,0.0
3881,0.0
3882,0.0
3883,0.1105
3884,0.0
3885,0.2605
3886,0.429
3887,0.0
3888,0.0
3889,0.0
3890,0.0
3891,0.0
3892,0.0
3893,0.0
3894,0.0
3895,0.0
3896,0.484
3897,0.221
3898,1.0
3899,0.4245
3900,0.618
3901,0.0
3902,0.484
3903,0.221
3904,1.0
3905,0.4245
3906,0.618
3907,0.329
3908,0.5305
3909,0.518
3910,0.492
3911,0.591
3912,0.7536666666666667
3913,0.0
3914,0.0
3915,0.0
3916,0.0
3917,0.0
3918,0.0
3919,0.0
3920,0.0
3921,0.0
3922,0.0
3923,0.658
3924,0.4716666666666667
3925,0.40900000000000003
3926,0.7133333333333334
3927,0.539
3928,0.539
3929,0.0
3930,0.0
3931,0.0
3932,0.0
3933,0.422
3934,0.0
3935,0.071
3936,0.134
3937,0.0
3938,0.659
3939,0.4395
3940,0.0
3941,0.071
3942,0.134
3943,0.0
3944,0.659
3945,0.4395
3946,0.0
3947,0.0
3948,0.0
3949,0.1105
3950,0.1105
3951,0.0
3952,0.678
3953,0.0
3954,0.0
3955,0.353
3956,0.0
3957,0.0
3958,0.0
3959,0.0
3960,0.22566666666666668
3961,0.0
3962,0.221
3963,0.221
3964,0.0
3965,0.24966666666666668
3966,0.14
3967,0.4185
3968,0.746
3969,0.11766666666666666
3970,0.353
3971,0.24966666666666668
3972,0.14
3973,0.4185
3974,0.746
3975,0.11766666666666666
3976,0.353
3977,0.0
3978,0.0
3979,-0.146
3980,0.0
3981,0.0
3982,0.0
3983,0.678
3984,0.694
3985,0.3684
3986,0.712
3987,0.48839999999999995
3988,0.4486666666666667
3989,0.0
3990,0.746
3991,0.221
3992,0.06666666666666667
3993,0.493
3994,0.0
3995,0.0
3996,0.0
3997,0.1105
3998,0.19566666666666666
3999,0.0
4000,0.221
4001,0.0
4002,0.0
4003,0.1105
4004,0.19566666666666666
4005,0.0
4006,0.221
4007,-0.208
4008,0.0
4009,0.0
4010,0.3805
4011,0.005999999999999999
4012,0.0
4013,0.0
4014,0.0
4015,0.221
4016,0.0
4017,0.11433333333333334
4018,0.0
4019,0.0
4020,0.2465
4021,0.0
4022,0.0
4023,0.14
4024,0.14
4025,0.0
4026,0.221
4027,0.3605
4028,0.0
4029,0.221
4030,0.0
4031,0.0
4032,0.221
4033,0.3605
4034,0.0
4035,0.221
4036,0.0
4037,0.0
4038,0.0
4039,0.0
4040,0.443
4041,0.0
4042,0.0
4043,0.0
4044,0.0
4045,0.0
4046,0.0
4047,0.0
4048,0.0
4049,0.0
4050,0.0
4051,0.232
4052,0.0
4053,0.0
4054,0.264
4055,0.0
4056,0.0
4057,0.353
4058,0.467
4059,0.0
4060,0.0
4061,0.0
4062,0.0
4063,0.353
4064,0.467
4065,0.0
4066,0.0
4067,0.0
4068,0.2095
4069,0.0
4070,0.0
4071,0.0
4072,0.0
4073,0.4395
4074,0.0
4075,0.0
4076,0.4835
4077,0.746
4078,0.746
4079,0.4395
4080,0.221
4081,0.0
4082,0.746
4083,0.0
4084,0.0
4085,0.0
4086,0.0
4087,0.0
4088,0.732
4089,0.221
4090,0.0
4091,0.0
4092,0.1385
4093,0.678
4094,0.0
4095,0.5940000000000001
4096,0.142
4097,0.0
4098,0.40449999999999997
4099,0.142
4100,0.0
4101,0.0
4102,0.693
4103,0.0
4104,0.6234999999999999
4105,0.0
4106,0.221
4107,0.1105
4108,0.49749999999999994
4109,-0.0465
4110,0.221
4111,0.221
4112,0.221
4113,0.1105
4114,0.49749999999999994
4115,-0.0465
4116,0.221
4117,0.221
4118,0.2913333333333334
4119,-0.00799999999999998
4120,0.353
4121,0.589
4122,0.701
4123,0.31966666666666665
4124,0.0
4125,0.11766666666666666
4126,0.316
4127,0.316
4128,0.35833333333333334
4129,0.316
4130,0.316
4131,0.316
4132,0.0
4133,0.0
4134,0.0
4135,0.5075000000000001
4136,0.633
4137,0.633
4138,0.0
4139,0.0
4140,0.0
4141,0.5075000000000001
4142,0.633
4143,0.633
4144,0.2608333333333333
4145,0.713
4146,0.713
4147,0.0
4148,0.389
4149,0.534
4150,0.353
4151,0.0
4152,0.353
4153,0.0
4154,0.4195
4155,0.13
4156,0.423
4157,0.373
4158,0.20550000000000002
4159,0.1805
4160,0.221
4161,0.221
4162,0.0
4163,0.0
4164,0.5156666666666666
4165,0.5336666666666666
4166,0.221
4167,0.0
4168,0.0
4169,0.221
4170,0.493
4171,0.493
4172,0.746
4173,0.0
4174,0.0
4175,0.0
4176,0.0
4177,0.633
4178,-0.483
4179,0.0
4180,0.0
4181,0.0
4182,0.0
4183,0.633
4184,-0.483
4185,0.0
4186,0.493
4187,0.0
4188,0.0
4189,0.0
4190,0.0
4191,0.0
4192,0.0
4193,0.0
4194,0.0
4195,0.0
4196,0.0
4197,0.0
4198,0.0
4199,0.0
4200,0.0
4201,0.0
4202,0.0
4203,0.0
4204,0.443
4205,0.493
4206,0.0
4207,0.217
4208,0.0
4209,0.0
4210,0.0
4211,0.0
4212,0.0
4213,0.0
4214,0.0
4215,0.3793333333333333
4216,0.0
4217,0.0
4218,0.5943333333333334
4219,0.11875
4220,0.0
4221,0.3793333333333333
4222,0.0
4223,0.0
4224,0.5943333333333334
4225,0.11875
4226,0.0
4227,0.23766666666666666
4228,0.0
4229,0.22033333333333335
4230,0.04233333333333334
4231,0.0
4232,0.0
4233,0.321
4234,0.179
4235,0.0
4236,0.2605
4237,0.0
4238,0.5435
4239,0.321
4240,0.179
4241,0.0
4242,0.2605
4243,0.0
4244,0.5435
4245,0.0
4246,0.0
4247,0.0
4248,0.456
4249,0.0
4250,0.0
4251,0.0
4252,0.0
4253,0.746
4254,0.0
4255,0.732
4256,0.0
4257,0.0
4258,0.0
4259,0.746
4260,0.0
4261,0.732
4262,0.0
4263,0.256
4264,0.0
4265,0.0
4266,0.14
4267,0.0
4268,-0.068
4269,0.0
4270,0.303
4271,0.0
4272,0.0
4273,0.0
4274,0.0
4275,0.0
4276,0.303
4277,0.0
4278,0.0
4279,0.0
4280,0.0
4281,0.2
4282,0.0
4283,0.3155
4284,0.1635
4285,0.4195
4286,0.42600000000000005
4287,0.0
4288,0.0
4289,0.0
4290,0.0
4291,0.0
4292,0.0
4293,0.0
4294,0.0
4295,0.0
4296,0.0
4297,0.0
4298,0.0
4299,0.618
4300,0.223
4301,0.0
4302,0.223
4303,0.0
4304,0.56
4305,0.0
4306,0.564
4307,0.0
4308,0.564
4309,0.0
4310,0.0
4311,0.368
4312,0.0
4313,0.221
4314,0.0
4315,0.0
4316,0.149
4317,0.0
4318,0.675
4319,0.18
4320,0.64
4321,0.0
4322,0.149
4323,0.0
4324,0.675
4325,0.18
4326,0.64
4327,0.2985
4328,0.0
4329,-0.1205
4330,0.075
4331,0.645
4332,0.063
4333,0.0
4334,0.0
4335,0.0
4336,0.256
4337,0.0
4338,0.0
4339,0.0
4340,0.0
4341,0.0
4342,0.256
4343,0.0
4344,0.0
4345,0.0
4346,0.0
4347,0.0
4348,0.0
4349,0.0
4350,0.0
4351,0.5455
4352,0.2165
4353,0.08325
4354,0.36366666666666664
4355,0.0
4356,0.31383333333333335
4357,0.5455
4358,0.2165
4359,0.08325
4360,0.36366666666666664
4361,0.0
4362,0.31383333333333335
4363,0.30866666666666664
4364,0.43333333333333335
4365,0.677
4366,0.1145
4367,0.30516666666666664
4368,0.1515
4369,0.408
4370,0.2665
4371,0.0625
4372,0.0
4373,0.0
4374,0.0
4375,0.408
4376,0.2665
4377,0.0625
4378,0.0
4379,0.0
4380,0.0
4381,0.261
4382,0.3363333333333333
4383,0.0
4384,0.0
4385,0.0
4386,0.0
4387,0.0
4388,0.0
4389,0.18
4390,0.221
4391,0.0
4392,0.0
4393,0.221
4394,0.542
4395,-0.243
4396,-0.393
4397,-0.093
4398,-0.0465
4399,0.042333333333333334
4400,0.166
4401,-0.243
4402,-0.393
4403,-0.093
4404,-0.0465
4405,0.042333333333333334
4406,0.166
4407,0.746
4408,0.2695
4409,0.7025
4410,0.746
4411,0.471
4412,0.0
4413,0.0
4414,-0.0465
4415,0.3335
4416,0.0
4417,0.0
4418,0.0
4419,0.0
4420,-0.0465
4421,0.3335
4422,0.0
4423,0.0
4424,0.0
4425,0.28
4426,0.0
4427,0.0
4428,0.0
4429,0.0
4430,0.0
4431,0.0
4432,0.0
4433,0.0
4434,0.0
4435,0.0
4436,0.0
4437,0.0
4438,0.0
4439,0.0
4440,0.0
4441,0.673
4442,0.0
4443,0.0
4444,0.0
4445,0.0
4446,0.0
4447,0.673
4448,0.0
4449,0.0
4450,0.0
4451,0.0
4452,0.0
4453,0.0
4454,-0.081
4455,0.0
4456,0.0
4457,0.0
4458,0.0
4459,0.0
4460,0.0
4461,0.0
4462,0.0
4463,0.0
4464,0.0
4465,0.0
4466,0.0
4467,0.0
4468,0.0
4469,0.456
4470,0.456
4471,0.456
4472,0.456
4473,0.111
4474,0.0
4475,0.184
4476,0.381
4477,0.1105
4478,0.339
4479,0.0
4480,0.0
4481,0.184
4482,0.381
4483,0.1105
4484,0.339
4485,0.0
4486,0.0
4487,0.0
4488,0.0
4489,0.691
4490,0.07966666666666668
4491,0.2468
4492,0.0
4493,0.373
4494,0.373
4495,0.702
4496,0.0
4497,0.0
4498,0.0
4499,0.0
4500,0.0
4501,0.0
4502,0.0
4503,0.0
4504,0.0
4505,0.0
4506,0.0
4507,0.0
4508,0.0
4509,0.0
4510,0.0
4511,0.0
4512,0.0
4513,0.0
4514,0.0
4515,0.0
4516,0.0
4517,0.0
4518,0.0
4519,0.0
4520,0.0
4521,0.0
4522,0.0
4523,0.0
4524,0.0
4525,0.0
4526,0.123
4527,0.0
4528,0.1705
4529,0.0
4530,0.0
4531,0.425
4532,0.0
4533,0.0
4534,0.1705
4535,0.0
4536,0.0
4537,0.425
4538,0.0
4539,0.0
4540,0.0
4541,0.0
4542,0.0
4543,0.0
4544,0.0
4545,0.22566666666666668
4546,0.0
4547,0.0
4548,0.0
4549,0.229
4550,0.493
4551,0.22566666666666668
4552,0.0
4553,0.0
4554,0.0
4555,0.229
4556,0.493
4557,0.0
4558,0.0
4559,0.4495
4560,0.0
4561,0.0
4562,0.0
4563,0.0
4564,0.121
4565,0.278
4566,0.0
4567,0.0
4568,0.0
4569,0.0
4570,0.121
4571,0.278
4572,0.0
4573,0.0
4574,0.0
4575,0.0
4576,0.0
4577,0.0
4578,0.0
4579,0.0
4580,0.0
4581,0.0
4582,0.0
4583,0.0
4584,0.0
4585,0.0
4586,0.0
4587,0.0
4588,0.0
4589,0.0
4590,0.0
4591,0.0
4592,0.0
4593,0.0
4594,0.14
4595,0.746
4596,0.16433333333333333
4597,0.0435
4598,0.0
4599,0.0
4600,0.14
4601,0.746
4602,0.16433333333333333
4603,0.0435
4604,0.0
4605,0.0
4606,0.0
4607,0.0
4608,0.0
4609,0.0
4610,0.0
4611,0.0
4612,0.0
4613,0.0
4614,0.0
4615,0.0
4616,0.0
4617,0.0
4618,0.0
4619,0.0
4620,0.0
4621,0.0
4622,0.0
4623,0.0
4624,0.0
4625,0.0
4626,0.0
4627,0.0
4628,0.486
4629,0.42950000000000005
4630,0.43425
4631,0.0
4632,0.0
4633,0.4415
4634,0.589
4635,0.42950000000000005
4636,0.43425
4637,0.0
4638,0.0
4639,0.4415
4640,0.589
4641,0.713
4642,0.07
4643,0.4455
4644,0.641
4645,0.0
4646,0.14
4647,0.0
4648,0.268
4649,0.268
4650,0.493
4651,0.746
4652,0.0
4653,0.0
4654,0.268
4655,0.268
4656,0.493
4657,0.746
4658,0.0
4659,0.0
4660,0.0
4661,0.221
4662,0.0
4663,0.2
4664,0.2
4665,0.063
4666,0.0
4667,0.221
4668,0.0
4669,0.2
4670,0.2
4671,0.063
4672,0.0
4673,0.278
4674,-0.122
4675,0.0
4676,0.0
4677,0.701
4678,0.0
4679,0.633
4680,0.493
4681,0.0
4682,0.0
4683,0.36866666666666664
4684,0.0
4685,0.633
4686,0.493
4687,0.0
4688,0.0
4689,0.36866666666666664
4690,-0.0666
4691,0.0
4692,0.1805
4693,0.0
4694,0.5409999999999999
4695,0.4805
4696,0.071
4697,-0.368
4698,0.667
4699,0.456
4700,0.0
4701,0.634
4702,0.071
4703,-0.368
4704,0.667
4705,0.456
4706,0.0
4707,0.634
4708,0.0
4709,0.678
4710,0.0
4711,0.0
4712,0.0
4713,0.0
4714,0.0
4715,0.0
4716,0.678
4717,0.0
4718,-0.093
4719,0.0
4720,0.0
4721,0.0
4722,0.678
4723,0.0
4724,-0.093
4725,0.0
4726,-0.037
4727,0.875
4728,-0.211
4729,-0.211
4730,0.658
4731,0.0
4732,0.581
4733,0.17700000000000002
4734,0.21433333333333335
4735,0.17700000000000002
4736,0.0
4737,0.0
4738,0.581
4739,0.17700000000000002
4740,0.21433333333333335
4741,0.17700000000000002
4742,0.0
4743,0.0
4744,0.0
4745,0.0
4746,0.0
4747,0.678
4748,0.0
4749,0.0
4750,0.0
4751,0.0
4752,0.0
4753,0.0
4754,0.0
4755,0.0
4756,0.0
4757,0.0
4758,0.0
4759,0.0
4760,0.0
4761,0.0
4762,0.0
4763,0.638
4764,0.0
4765,0.443
4766,0.5209999999999999
4767,0.5329999999999999
4768,0.701
4769,0.638
4770,0.0
4771,0.443
4772,0.5209999999999999
4773,0.5329999999999999
4774,0.701
4775,-0.065
4776,0.0
4777,0.061
4778,0.0
4779,0.09
4780,0.0
4781,0.0
4782,0.0
