,compound
0,0.0
1,0.0
2,0.7184
3,0.4767
4,0.0
5,0.0
6,0.0
7,0.0
8,0.7184
9,0.4767
10,0.0
11,0.0
12,0.0
13,0.0
14,0.8402
15,0.0
16,0.0
17,0.8885
18,0.6369
19,0.0
20,0.0
21,0.0
22,0.6486
23,0.0
24,0.0
25,0.3612
26,0.0
27,0.0
28,0.0
29,0.0
30,0.0
31,0.8126
32,-0.34
33,0.3612
34,0.25
35,-0.1531
36,0.0
37,0.4588
38,0.6486
39,0.765
40,0.6369
41,0.0
42,0.0
43,0.0
44,0.0
45,0.0
46,0.0
47,0.0
48,0.0
49,0.0
50,0.4215
51,0.0
52,0.0
53,0.0
54,0.0
55,0.0
56,0.0
57,0.0
58,0.0
59,0.0
60,0.0
61,0.0
62,0.0
63,0.0
64,0.0
65,0.0
66,0.5574
67,0.0
68,0.0
69,0.6369
70,0.5574
71,0.3182
72,0.0
73,0.0
74,0.0
75,0.3612
76,0.4767
77,0.0
78,0.0
79,0.0
80,0.0
81,0.0
82,0.4404
83,-0.2732
84,0.0
85,0.0
86,-0.2732
87,0.4019
88,-0.2732
89,0.0
90,-0.7096
91,0.7351
92,0.0
93,0.0
94,0.0
95,-0.5423
96,0.0
97,0.3612
98,0.0772
99,0.0
100,0.0
101,0.0
102,0.0
103,0.0
104,0.0
105,0.0
106,0.3612
107,0.0
108,0.0
109,0.6705
110,0.4939
111,0.0
112,0.6369
113,0.0
114,0.0
115,0.6705
116,0.4939
117,0.0
118,0.6369
119,-0.34
120,0.0
121,0.3612
122,0.0
123,-0.34
124,0.0
125,0.5859
126,0.0
127,0.4939
128,0.6908
129,0.7579
130,-0.34
131,0.0
132,0.0
133,0.0
134,-0.34
135,0.0
136,0.5859
137,0.0
138,0.0
139,0.0
140,0.0
141,0.0
142,0.836
143,0.0
144,0.0
145,0.9565
146,0.0
147,0.0
148,0.4215
149,0.4939
150,0.4939
151,0.6369
152,0.0
153,0.5859
154,0.4019
155,0.0
156,-0.3612
157,-0.5267
158,0.0
159,0.0
160,0.3612
161,0.0
162,0.0
163,0.0
164,0.0
165,0.0
166,0.0
167,0.0
168,0.0
169,0.0
170,0.0
171,0.0
172,0.0
173,0.4767
174,0.7351
175,0.6124
176,0.5859
177,0.0
178,0.5106
179,0.0
180,0.0
181,0.0
182,0.0
183,0.3818
184,0.0
185,0.0
186,0.0
187,0.0
188,-0.1531
189,0.0
190,0.5106
191,0.0
192,0.6908
193,-0.5574
194,0.0
195,0.0
196,0.3612
197,0.8316
198,0.0
199,0.0
200,0.3612
201,0.128
202,0.0
203,0.0
204,0.0
205,0.5574
206,0.296
207,0.3724
208,0.6808
209,0.0
210,0.0
211,0.3612
212,0.6369
213,0.4939
214,0.0
215,0.7906
216,0.4215
217,0.5574
218,0.3612
219,0.0
220,0.0
221,0.7906
222,0.4215
223,0.5574
224,0.3612
225,0.0
226,0.0
227,0.0
228,0.8402
229,-0.7096
230,-0.6486
231,0.0
232,0.4215
233,0.5994
234,0.4939
235,0.0
236,0.0
237,0.0
238,0.0
239,0.4215
240,0.0
241,0.0
242,-0.1027
243,0.5773
244,0.0
245,-0.1531
246,0.0
247,0.0
248,0.4404
249,0.0
250,0.0
251,0.0
252,-0.34
253,0.0
254,0.0
255,-0.4767
256,0.0
257,0.0
258,0.0
259,0.4019
260,0.0
261,0.0
262,-0.25
263,-0.5267
264,0.0
265,-0.34
266,0.0
267,0.0
268,0.0
269,0.7906
270,0.4215
271,0.5574
272,0.3612
273,0.0
274,0.0
275,0.7906
276,0.4215
277,0.5574
278,0.3612
279,0.0
280,0.0
281,0.0
282,0.8402
283,-0.7096
284,-0.6486
285,0.0
286,0.4215
287,0.5994
288,0.4939
289,0.0
290,0.0
291,0.0
292,0.0
293,0.4215
294,0.0
295,0.0
296,-0.1027
297,0.5773
298,0.0
299,-0.1531
300,0.0
301,0.0
302,0.4404
303,0.0
304,0.0
305,0.0
306,-0.34
307,0.0
308,0.0
309,-0.4767
310,0.0
311,0.0
312,0.0
313,0.4019
314,0.0
315,0.0
316,-0.25
317,-0.5267
318,0.0
319,-0.34
320,0.0
321,0.0
322,0.0
323,0.0
324,0.6369
325,0.0
326,0.0
327,0.0
328,-0.5423
329,0.0
330,0.6369
331,0.0
332,0.0
333,0.0
334,-0.5423
335,0.5859
336,0.7506
337,0.7506
338,0.5859
339,0.6705
340,0.4588
341,0.3612
342,0.0
343,0.0
344,0.9325
345,0.6597
346,-0.8625
347,0.8225
348,0.4588
349,0.5859
350,0.5859
351,0.5859
352,0.0
353,0.296
354,0.0
355,0.5574
356,0.0
357,0.0
358,0.0
359,0.0
360,0.0
361,0.0
362,0.0
363,0.0
364,-0.3182
365,0.0
366,0.5106
367,0.0
368,0.0
369,0.0
370,0.3724
371,0.0
372,0.0
373,0.0
374,0.0
375,0.0
376,0.0
377,0.0
378,0.6369
379,0.0
380,0.0
381,0.0
382,-0.5423
383,0.0
384,0.6369
385,0.0
386,0.0
387,0.0
388,-0.5423
389,0.5859
390,0.7506
391,0.7506
392,0.5859
393,0.6705
394,0.4588
395,0.3612
396,0.0
397,0.0
398,0.9325
399,0.6597
400,-0.8625
401,0.8225
402,0.4588
403,0.5859
404,0.5859
405,0.5859
406,0.0
407,0.296
408,0.0
409,0.5574
410,0.0
411,0.0
412,0.0
413,0.0
414,0.0
415,0.0
416,0.0
417,0.0
418,-0.3182
419,0.0
420,0.5106
421,0.0
422,0.0
423,0.0
424,0.3724
425,0.0
426,0.0
427,0.0
428,0.0
429,0.0
430,0.0
431,0.0
432,0.6369
433,0.0
434,0.0
435,0.0
436,-0.5423
437,0.0
438,0.6369
439,0.0
440,0.0
441,0.0
442,-0.5423
443,0.5859
444,0.7506
445,0.7506
446,0.5859
447,0.6705
448,0.4588
449,0.3612
450,0.0
451,0.0
452,0.9325
453,0.6597
454,-0.8625
455,0.8225
456,0.4588
457,0.5859
458,0.5859
459,0.5859
460,0.0
461,0.296
462,0.0
463,0.5574
464,0.0
465,0.0
466,0.0
467,0.0
468,0.0
469,0.0
470,0.0
471,0.0
472,-0.3182
473,0.0
474,0.5106
475,0.0
476,0.0
477,0.0
478,0.3724
479,0.0
480,0.0
481,0.0
482,0.0
483,0.0
484,0.0
485,0.0
486,-0.1531
487,0.0
488,0.9081
489,-0.7506
490,0.0
491,0.0
492,-0.1531
493,0.0
494,0.9081
495,-0.7506
496,0.0
497,0.0
498,0.0
499,0.0
500,0.0
501,-0.2732
502,0.0
503,0.0
504,0.0
505,0.0
506,0.0
507,0.3612
508,0.3612
509,0.4939
510,0.0
511,0.0
512,0.4215
513,0.0
514,0.0
515,0.0
516,0.0
517,0.0
518,0.7579
519,0.0
520,0.0
521,0.0
522,0.6369
523,0.0
524,0.0
525,0.0
526,0.0
527,0.296
528,0.0
529,0.2023
530,0.5574
531,0.6597
532,0.0
533,-0.1531
534,0.4215
535,0.0
536,-0.5719
537,0.7003
538,0.0
539,0.0
540,0.0
541,0.0
542,0.0
543,0.0
544,0.0
545,0.0
546,0.0
547,0.0
548,0.0
549,0.0
550,0.4767
551,0.7351
552,0.6124
553,0.5859
554,0.0
555,0.5106
556,0.0
557,0.0
558,0.0
559,0.0
560,0.3818
561,0.0
562,0.0
563,0.0
564,0.0
565,-0.1531
566,0.0
567,0.5106
568,0.0
569,0.6908
570,-0.5574
571,0.0
572,0.0
573,0.3612
574,0.8316
575,0.0
576,0.0
577,0.3612
578,0.128
579,0.0
580,0.0
581,0.0
582,0.5574
583,0.296
584,0.3724
585,0.6808
586,0.0
587,0.0
588,0.3612
589,0.6369
590,0.4939
591,0.0
592,0.5574
593,0.0
594,0.7906
595,0.0
596,0.4939
597,0.7783
598,0.5574
599,0.0
600,0.7906
601,0.0
602,0.4939
603,0.7783
604,0.802
605,0.802
606,0.5859
607,0.8271
608,0.4019
609,0.0
610,0.0
611,0.0
612,0.0
613,0.5719
614,0.0
615,0.743
616,0.0
617,0.3818
618,-0.5859
619,0.0
620,0.5859
621,0.0
622,0.4939
623,0.4939
624,-0.5719
625,-0.5719
626,0.0
627,0.0
628,-0.34
629,-0.6249
630,-0.1779
631,0.2263
632,-0.5574
633,-0.6597
634,-0.34
635,0.0
636,0.7096
637,0.4215
638,0.0
639,-0.2732
640,0.0
641,0.0
642,0.25
643,0.0
644,0.0
645,0.0
646,0.6705
647,0.4939
648,0.0
649,0.6369
650,0.0
651,0.0
652,0.6705
653,0.4939
654,0.0
655,0.6369
656,-0.34
657,0.0
658,0.3612
659,0.0
660,-0.34
661,0.0
662,0.5859
663,0.0
664,0.4939
665,0.6908
666,0.7579
667,-0.34
668,0.0
669,0.0
670,0.0
671,-0.34
672,0.0
673,0.5859
674,0.0
675,0.0
676,0.0
677,0.0
678,0.0
679,0.836
680,0.0
681,0.0
682,0.9565
683,0.0
684,0.0
685,0.4215
686,0.4939
687,0.4939
688,0.6369
689,0.0
690,0.5859
691,0.4019
692,0.0
693,-0.3612
694,-0.5267
695,0.0
696,0.0
697,0.3612
698,-0.1027
699,0.4767
700,-0.7906
701,-0.1027
702,0.9595
703,-0.1027
704,-0.1027
705,0.4767
706,-0.7906
707,-0.1027
708,0.9595
709,-0.1027
710,0.0
711,0.0
712,0.0
713,0.0
714,0.0
715,0.0
716,0.0
717,0.0
718,0.0
719,0.4939
720,0.0
721,0.0
722,0.5859
723,-0.296
724,0.0
725,0.4939
726,0.4939
727,0.4939
728,0.0
729,0.0
730,0.0
731,0.0
732,0.0
733,0.0
734,0.6249
735,0.4939
736,0.0
737,0.8115
738,0.4588
739,0.25
740,0.0
741,0.3612
742,0.0
743,0.0
744,0.0
745,0.3612
746,0.8402
747,0.8402
748,0.8402
749,0.8402
750,0.8402
751,0.8402
752,-0.1027
753,0.4767
754,-0.7906
755,-0.1027
756,0.9595
757,-0.1027
758,-0.1027
759,0.4767
760,-0.7906
761,-0.1027
762,0.9595
763,-0.1027
764,0.0
765,0.0
766,0.0
767,0.0
768,0.0
769,0.0
770,0.0
771,0.0
772,0.0
773,0.4939
774,0.0
775,0.0
776,0.5859
777,-0.296
778,0.0
779,0.4939
780,0.4939
781,0.4939
782,0.0
783,0.0
784,0.0
785,0.0
786,0.0
787,0.0
788,0.6249
789,0.4939
790,0.0
791,0.8115
792,0.4588
793,0.25
794,0.0
795,0.3612
796,0.0
797,0.0
798,0.0
799,0.3612
800,0.8402
801,0.8402
802,0.8402
803,0.8402
804,0.8402
805,0.8402
806,0.0
807,0.34
808,0.0
809,0.0
810,0.0
811,0.0
812,0.0
813,0.34
814,0.0
815,0.0
816,0.0
817,0.0
818,-0.4767
819,-0.1779
820,-0.4019
821,0.0
822,-0.1779
823,0.0
824,-0.2263
825,0.5859
826,0.4588
827,0.34
828,-0.34
829,0.0
830,0.3612
831,0.0
832,0.0
833,0.0
834,0.5574
835,0.0
836,0.5267
837,0.8885
838,0.9062
839,0.7096
840,0.8271
841,0.4939
842,0.3612
843,-0.6597
844,0.0
845,0.5574
846,0.0
847,0.8402
848,0.0
849,0.2023
850,0.0
851,0.0
852,0.4939
853,0.0
854,0.6908
855,0.9081
856,-0.7579
857,0.8555
858,0.9423
859,0.9022
860,0.0772
861,0.0
862,0.0
863,0.0
864,-0.34
865,-0.5106
866,0.0772
867,0.0
868,0.0
869,0.0
870,-0.34
871,-0.5106
872,0.0
873,0.0
874,0.0
875,0.0
876,0.0
877,0.0
878,-0.5859
879,-0.5859
880,-0.5859
881,-0.5859
882,-0.5859
883,0.0
884,0.0258
885,0.0
886,0.4019
887,0.0
888,0.0
889,0.3182
890,0.0
891,0.0
892,0.0
893,0.0
894,0.0772
895,0.0
896,0.0
897,0.0
898,0.0
899,0.3612
900,0.0
901,0.0
902,0.4215
903,0.0
904,0.2732
905,0.4404
906,-0.5106
907,0.0
908,0.0
909,0.0
910,0.0
911,0.5106
912,0.0
913,0.0
914,0.0
915,0.0
916,-0.1531
917,0.2732
918,0.4939
919,0.0
920,0.0
921,0.0
922,-0.1531
923,0.2732
924,0.4939
925,0.0
926,0.4939
927,0.3208
928,0.0516
929,0.8519
930,0.4939
931,0.0
932,0.0
933,0.0
934,0.0
935,0.5859
936,0.0
937,0.0
938,0.0
939,0.0
940,0.0
941,0.0
942,0.0
943,0.5106
944,0.7351
945,0.3612
946,0.9081
947,0.0
948,0.8779
949,0.0
950,0.0
951,0.7717
952,0.0
953,0.6369
954,0.0
955,0.0
956,0.0
957,0.0
958,0.0
959,0.0
960,0.0
961,0.0
962,0.0
963,0.0
964,0.0
965,0.0
966,0.0
967,0.0
968,0.0
969,0.4939
970,0.4939
971,0.0
972,0.0
973,-0.3612
974,0.0
975,0.4939
976,0.4939
977,0.0
978,0.0
979,-0.3612
980,-0.3612
981,0.0
982,0.3612
983,0.4404
984,0.3612
985,0.3612
986,0.0
987,0.6369
988,-0.5106
989,0.0
990,0.0
991,0.0258
992,0.891
993,0.802
994,0.5859
995,0.1779
996,0.5859
997,-0.0772
998,0.0
999,0.0
1000,0.0
1001,0.0
1002,0.0
1003,0.0
1004,0.7906
1005,0.0
1006,0.3182
1007,0.0
1008,-0.743
1009,0.0
1010,0.0772
1011,0.1779
1012,0.4215
1013,0.0
1014,0.4449
1015,0.0
1016,0.0516
1017,0.2023
1018,0.0
1019,0.4767
1020,0.4767
1021,0.4019
1022,0.0
1023,0.0
1024,0.6705
1025,0.4939
1026,0.0
1027,0.6369
1028,0.0
1029,0.0
1030,0.6705
1031,0.4939
1032,0.0
1033,0.6369
1034,-0.34
1035,0.0
1036,0.3612
1037,0.0
1038,-0.34
1039,0.0
1040,0.5859
1041,0.0
1042,0.4939
1043,0.6908
1044,0.7579
1045,-0.34
1046,0.0
1047,0.0
1048,0.0
1049,-0.34
1050,0.0
1051,0.5859
1052,0.0
1053,0.0
1054,0.0
1055,0.0
1056,0.0
1057,0.836
1058,0.0
1059,0.0
1060,0.9565
1061,0.0
1062,0.0
1063,0.4215
1064,0.4939
1065,0.4939
1066,0.6369
1067,0.0
1068,0.5859
1069,0.4019
1070,0.0
1071,-0.3612
1072,-0.5267
1073,0.0
1074,0.0
1075,0.3612
1076,-0.2187
1077,0.3612
1078,0.0
1079,0.0
1080,0.0
1081,0.0
1082,-0.2187
1083,0.3612
1084,0.0
1085,0.0
1086,0.0
1087,0.0
1088,0.0
1089,0.802
1090,0.0
1091,0.0
1092,-0.4767
1093,0.0
1094,0.3612
1095,0.6808
1096,0.2732
1097,-0.1779
1098,-0.296
1099,0.0
1100,0.6124
1101,0.0
1102,0.4404
1103,0.6124
1104,0.0
1105,0.3182
1106,-0.3818
1107,0.0
1108,0.7506
1109,0.6369
1110,0.0
1111,0.0
1112,0.0
1113,0.0
1114,0.0
1115,0.3612
1116,0.0
1117,0.0
1118,-0.7003
1119,0.3612
1120,0.2023
1121,0.4404
1122,-0.4939
1123,0.0
1124,0.0
1125,0.0
1126,0.5994
1127,0.3182
1128,0.4215
1129,0.4215
1130,-0.836
1131,0.6124
1132,0.3612
1133,0.0
1134,0.0
1135,0.5994
1136,-0.836
1137,0.6124
1138,0.3612
1139,0.0
1140,0.0
1141,0.5994
1142,0.0
1143,0.0
1144,0.0
1145,0.0
1146,0.0
1147,0.0
1148,0.0
1149,0.5859
1150,0.5859
1151,0.5859
1152,0.5859
1153,0.5859
1154,0.3612
1155,0.3818
1156,0.8885
1157,0.5106
1158,0.3612
1159,0.3612
1160,0.0
1161,0.0
1162,0.2263
1163,0.3612
1164,0.0
1165,-0.7003
1166,0.5267
1167,0.5267
1168,0.5267
1169,0.5267
1170,0.5267
1171,0.5267
1172,0.4404
1173,0.6597
1174,0.0
1175,0.6597
1176,0.6597
1177,0.0
1178,-0.3818
1179,-0.3818
1180,0.0
1181,-0.2187
1182,0.3612
1183,0.0
1184,0.0
1185,0.0
1186,0.0
1187,-0.2187
1188,0.3612
1189,0.0
1190,0.0
1191,0.0
1192,0.0
1193,0.0
1194,0.802
1195,0.0
1196,0.0
1197,-0.4767
1198,0.0
1199,0.3612
1200,0.6808
1201,0.2732
1202,-0.1779
1203,-0.296
1204,0.0
1205,0.6124
1206,0.0
1207,0.4404
1208,0.6124
1209,0.0
1210,0.3182
1211,-0.3818
1212,0.0
1213,0.7506
1214,0.6369
1215,0.0
1216,0.0
1217,0.0
1218,0.0
1219,0.0
1220,0.3612
1221,0.0
1222,0.0
1223,-0.7003
1224,0.3612
1225,0.2023
1226,0.4404
1227,-0.4939
1228,0.0
1229,0.0
1230,0.0
1231,0.5994
1232,0.3182
1233,0.4215
1234,0.4215
1235,0.0
1236,-0.4767
1237,0.2732
1238,0.0
1239,-0.4767
1240,0.0
1241,0.0
1242,-0.4767
1243,0.2732
1244,0.0
1245,-0.4767
1246,0.0
1247,0.4767
1248,0.0
1249,0.0
1250,0.0
1251,0.0
1252,-0.4019
1253,0.296
1254,0.0
1255,0.0
1256,0.0
1257,0.0
1258,-0.34
1259,0.0
1260,0.4215
1261,0.7184
1262,0.0
1263,0.0
1264,0.2732
1265,0.0
1266,0.0
1267,0.0
1268,0.0
1269,-0.357
1270,0.0
1271,0.0
1272,0.0
1273,0.5994
1274,0.0
1275,0.0
1276,0.5574
1277,0.4939
1278,0.0
1279,0.3063
1280,0.3612
1281,0.5574
1282,0.5423
1283,-0.128
1284,0.6249
1285,0.0
1286,0.0
1287,0.2732
1288,0.0772
1289,0.0
1290,0.0
1291,0.0
1292,-0.34
1293,-0.5106
1294,0.0772
1295,0.0
1296,0.0
1297,0.0
1298,-0.34
1299,-0.5106
1300,0.0
1301,0.0
1302,0.0
1303,0.0
1304,0.0
1305,0.0
1306,-0.5859
1307,-0.5859
1308,-0.5859
1309,-0.5859
1310,-0.5859
1311,0.0
1312,0.0258
1313,0.0
1314,0.4019
1315,0.0
1316,0.0
1317,0.3182
1318,0.0
1319,0.0
1320,0.0
1321,0.0
1322,0.0772
1323,0.0
1324,0.0
1325,0.0
1326,0.0
1327,0.3612
1328,0.0
1329,0.0
1330,0.4215
1331,0.0
1332,0.2732
1333,0.4404
1334,-0.5106
1335,0.0
1336,0.0
1337,0.0
1338,0.0
1339,0.5106
1340,0.0
1341,0.0
1342,0.0
1343,0.0
1344,0.0
1345,0.0
1346,0.0
1347,0.0
1348,0.0
1349,0.0
1350,0.0
1351,0.0
1352,0.0
1353,0.0
1354,0.0
1355,0.6369
1356,0.4215
1357,0.296
1358,0.4588
1359,0.0
1360,0.7184
1361,0.0
1362,0.3612
1363,0.0
1364,0.7717
1365,0.0
1366,0.0
1367,0.0
1368,0.0
1369,-0.3818
1370,-0.5106
1371,0.3612
1372,0.0
1373,0.0
1374,0.0
1375,0.25
1376,-0.7003
1377,0.0
1378,0.25
1379,-0.3818
1380,0.0
1381,0.0
1382,0.0
1383,0.4588
1384,0.0
1385,0.0
1386,0.0
1387,0.0
1388,0.0
1389,0.7783
1390,0.0
1391,0.0
1392,-0.34
1393,0.3612
1394,-0.128
1395,0.0772
1396,0.0
1397,0.0
1398,0.0
1399,-0.34
1400,-0.5106
1401,0.0772
1402,0.0
1403,0.0
1404,0.0
1405,-0.34
1406,-0.5106
1407,0.0
1408,0.0
1409,0.0
1410,0.0
1411,0.0
1412,0.0
1413,-0.5859
1414,-0.5859
1415,-0.5859
1416,-0.5859
1417,-0.5859
1418,0.0
1419,0.0258
1420,0.0
1421,0.4019
1422,0.0
1423,0.0
1424,0.3182
1425,0.0
1426,0.0
1427,0.0
1428,0.0
1429,0.0772
1430,0.0
1431,0.0
1432,0.0
1433,0.0
1434,0.3612
1435,0.0
1436,0.0
1437,0.4215
1438,0.0
1439,0.2732
1440,0.4404
1441,-0.5106
1442,0.0
1443,0.0
1444,0.0
1445,0.0
1446,0.5106
1447,0.0
1448,0.0
1449,0.0
1450,0.0
1451,0.0
1452,0.6369
1453,0.0
1454,0.0
1455,0.0
1456,0.0
1457,0.0
1458,0.6369
1459,0.0
1460,0.0
1461,0.4404
1462,0.0
1463,0.0
1464,0.0
1465,0.0
1466,0.0
1467,0.4939
1468,0.0
1469,0.4404
1470,0.0
1471,-0.5719
1472,0.0
1473,0.3818
1474,0.0
1475,0.0
1476,-0.2023
1477,0.0
1478,0.0
1479,0.0
1480,0.0
1481,0.0
1482,0.0
1483,0.0
1484,0.296
1485,0.0
1486,0.0
1487,0.1779
1488,0.0
1489,-0.5106
1490,0.0
1491,0.4767
1492,0.2584
1493,0.0
1494,0.0
1495,0.0
1496,-0.34
1497,0.5574
1498,0.2259
1499,0.5994
1500,0.5719
1501,0.0
1502,0.0
1503,0.3612
1504,0.0
1505,0.0
1506,0.0
1507,0.0
1508,0.0
1509,0.3612
1510,0.0
1511,0.0
1512,0.0
1513,0.0
1514,0.0
1515,0.6369
1516,0.891
1517,0.5719
1518,0.5859
1519,0.4404
1520,0.0
1521,0.0
1522,0.0
1523,0.0
1524,0.3612
1525,0.0
1526,0.0
1527,-0.34
1528,0.6705
1529,0.1139
1530,0.4215
1531,0.6369
1532,0.8689
1533,0.5859
1534,0.7269
1535,0.5859
1536,0.7845
1537,0.0
1538,0.0
1539,0.5859
1540,0.3612
1541,0.5859
1542,0.5859
1543,0.5859
1544,0.7717
1545,0.6808
1546,0.0
1547,0.4939
1548,-0.3724
1549,0.0
1550,0.0
1551,0.0
1552,0.5859
1553,0.0
1554,0.5859
1555,0.0
1556,0.5859
1557,0.0
1558,0.0
1559,0.0
1560,0.0
1561,0.0
1562,0.0
1563,0.0
1564,0.0
1565,0.0
1566,0.0
1567,0.0
1568,0.0
1569,0.0
1570,0.0
1571,0.0
1572,0.0
1573,0.3612
1574,0.9001
1575,0.6369
1576,0.4215
1577,0.4215
1578,0.8481
1579,0.0
1580,0.0
1581,0.0
1582,0.0
1583,0.0
1584,0.0
1585,0.3612
1586,0.0
1587,0.0
1588,0.3612
1589,0.3612
1590,0.0
1591,0.4939
1592,0.0
1593,0.6249
1594,0.4215
1595,0.0
1596,0.0
1597,0.4588
1598,0.128
1599,-0.7964
1600,0.0
1601,-0.0516
1602,0.9584
1603,0.7269
1604,0.3612
1605,0.4939
1606,0.0
1607,0.0
1608,0.4588
1609,0.0
1610,0.0
1611,-0.34
1612,0.0
1613,0.0
1614,0.0
1615,0.0
1616,0.0
1617,-0.34
1618,0.0
1619,0.0
1620,0.0
1621,0.0
1622,0.34
1623,0.0
1624,0.2263
1625,0.4767
1626,0.9118
1627,0.0
1628,0.0
1629,0.0
1630,0.0
1631,0.0
1632,-0.1531
1633,0.0
1634,0.0
1635,0.0
1636,-0.25
1637,0.3612
1638,0.0
1639,0.0
1640,-0.34
1641,0.0
1642,0.0
1643,0.0
1644,0.0
1645,0.7506
1646,0.3612
1647,0.4939
1648,0.0
1649,-0.34
1650,0.0
1651,0.0
1652,0.4767
1653,0.3612
1654,0.5574
1655,-0.3182
1656,0.0
1657,0.0
1658,-0.4767
1659,0.0
1660,0.0
1661,0.0
1662,-0.296
1663,0.0
1664,0.0
1665,0.0
1666,0.0
1667,0.0
1668,0.0
1669,0.3612
1670,0.6705
1671,0.9081
1672,0.0
1673,0.6908
1674,0.0
1675,0.0
1676,0.0
1677,0.0
1678,-0.4019
1679,0.0
1680,0.0
1681,0.6597
1682,0.4588
1683,0.0
1684,0.4019
1685,0.0
1686,0.0
1687,0.0
1688,0.0
1689,0.7184
1690,0.9451
1691,0.7184
1692,-0.296
1693,0.0
1694,0.0
1695,0.0
1696,0.0
1697,0.0
1698,0.0
1699,0.5859
1700,0.0
1701,0.0
1702,0.34
1703,0.5859
1704,0.5859
1705,0.5859
1706,0.5859
1707,0.5859
1708,0.5859
1709,0.5859
1710,0.5859
1711,-0.2187
1712,0.3612
1713,0.0
1714,0.0
1715,0.0
1716,0.0
1717,-0.2187
1718,0.3612
1719,0.0
1720,0.0
1721,0.0
1722,0.0
1723,0.0
1724,0.802
1725,0.0
1726,0.0
1727,-0.4767
1728,0.0
1729,0.3612
1730,0.6808
1731,0.2732
1732,-0.1779
1733,-0.296
1734,0.0
1735,0.6124
1736,0.0
1737,0.4404
1738,0.6124
1739,0.0
1740,0.3182
1741,-0.3818
1742,0.0
1743,0.7506
1744,0.6369
1745,0.0
1746,0.0
1747,0.0
1748,0.0
1749,0.0
1750,0.3612
1751,0.0
1752,0.0
1753,-0.7003
1754,0.3612
1755,0.2023
1756,0.4404
1757,-0.4939
1758,0.0
1759,0.0
1760,0.0
1761,0.5994
1762,0.3182
1763,0.4215
1764,0.4215
1765,0.3612
1766,0.6369
1767,0.0
1768,0.4215
1769,0.4588
1770,0.0
1771,0.3612
1772,0.6369
1773,0.0
1774,0.4215
1775,0.4588
1776,0.0
1777,0.0
1778,0.0
1779,0.0
1780,0.0
1781,0.0
1782,0.0
1783,0.0
1784,0.296
1785,0.836
1786,-0.4588
1787,0.0
1788,0.3612
1789,0.7717
1790,0.0
1791,-0.7096
1792,0.7717
1793,0.1779
1794,0.7717
1795,0.9337
1796,0.5859
1797,0.2263
1798,0.8225
1799,-0.7306
1800,0.9349
1801,0.9287
1802,0.6369
1803,0.0
1804,0.6369
1805,0.0
1806,0.0
1807,0.4939
1808,0.8402
1809,0.0
1810,0.0
1811,0.9081
1812,0.9081
1813,0.296
1814,0.7269
1815,0.5267
1816,0.6705
1817,0.7717
1818,0.0
1819,0.0772
1820,0.0
1821,0.0
1822,0.0
1823,-0.34
1824,-0.5106
1825,0.0772
1826,0.0
1827,0.0
1828,0.0
1829,-0.34
1830,-0.5106
1831,0.0
1832,0.0
1833,0.0
1834,0.0
1835,0.0
1836,0.0
1837,-0.5859
1838,-0.5859
1839,-0.5859
1840,-0.5859
1841,-0.5859
1842,0.0
1843,0.0258
1844,0.0
1845,0.4019
1846,0.0
1847,0.0
1848,0.3182
1849,0.0
1850,0.0
1851,0.0
1852,0.0
1853,0.0772
1854,0.0
1855,0.0
1856,0.0
1857,0.0
1858,0.3612
1859,0.0
1860,0.0
1861,0.4215
1862,0.0
1863,0.2732
1864,0.4404
1865,-0.5106
1866,0.0
1867,0.0
1868,0.0
1869,0.0
1870,0.5106
1871,0.0
1872,0.0
1873,-0.3182
1874,0.6124
1875,0.0
1876,0.3612
1877,0.0
1878,0.4404
1879,-0.3182
1880,0.6124
1881,0.0
1882,0.3612
1883,0.0
1884,0.4404
1885,0.0
1886,0.5994
1887,0.0
1888,0.0
1889,0.0
1890,0.0
1891,0.0
1892,0.0
1893,0.5859
1894,0.6369
1895,0.5859
1896,-0.3612
1897,0.0
1898,-0.4767
1899,0.0
1900,0.0
1901,0.0
1902,0.3612
1903,0.4588
1904,0.0
1905,0.0
1906,0.25
1907,-0.4767
1908,0.0
1909,0.0
1910,0.0
1911,0.0
1912,0.765
1913,0.0
1914,0.0
1915,0.4404
1916,0.0
1917,0.0
1918,0.0
1919,-0.3818
1920,0.9001
1921,0.0
1922,0.7845
1923,-0.4767
1924,0.9501
1925,0.5574
1926,0.0
1927,0.0
1928,0.0
1929,0.872
1930,0.4588
1931,0.0
1932,0.0
1933,0.0
1934,0.0
1935,0.872
1936,0.4588
1937,0.0
1938,0.34
1939,-0.4019
1940,0.7351
1941,0.0
1942,0.5106
1943,0.4767
1944,0.3612
1945,0.0
1946,0.0
1947,0.0
1948,0.0
1949,0.0
1950,0.4404
1951,0.0
1952,0.0
1953,0.0
1954,0.0
1955,0.0
1956,0.0
1957,0.0
1958,0.0
1959,0.0
1960,0.0
1961,0.4939
1962,0.0
1963,0.0
1964,0.0
1965,0.0
1966,0.0
1967,0.0
1968,0.5859
1969,0.8658
1970,-0.7717
1971,0.3612
1972,0.0
1973,0.3612
1974,-0.6369
1975,0.0
1976,0.0
1977,0.0
1978,-0.4767
1979,0.0
1980,0.3818
1981,0.5574
1982,0.8316
1983,0.4215
1984,0.0
1985,0.4019
1986,0.3818
1987,0.5574
1988,0.8316
1989,0.4215
1990,0.0
1991,0.4019
1992,-0.7351
1993,-0.5859
1994,0.7351
1995,0.0
1996,0.5859
1997,0.0
1998,0.5859
1999,-0.4767
2000,0.0
2001,0.6908
2002,0.6597
2003,0.5574
2004,0.0
2005,-0.296
2006,0.0
2007,0.0
2008,0.4404
2009,0.0
2010,0.5574
2011,0.765
2012,0.743
2013,0.2607
2014,0.5574
2015,0.7717
2016,0.0
2017,0.0258
2018,0.0
2019,0.0
2020,0.743
2021,0.0
2022,0.0
2023,0.4939
2024,0.0
2025,0.0
2026,0.0
2027,0.8225
2028,0.0
2029,0.0
2030,0.0
2031,0.0
2032,0.0
2033,0.0
2034,0.0
2035,0.0
2036,-0.34
2037,0.0
2038,0.0
2039,0.0
2040,0.0
2041,0.0
2042,-0.34
2043,0.0
2044,0.0
2045,0.0
2046,0.0
2047,0.34
2048,0.0
2049,0.2263
2050,0.4767
2051,0.9118
2052,0.0
2053,0.0
2054,0.0
2055,0.0
2056,0.0
2057,-0.1531
2058,0.0
2059,0.0
2060,0.0
2061,-0.25
2062,0.3612
2063,0.0
2064,0.0
2065,-0.34
2066,0.0
2067,0.0
2068,0.0
2069,0.0
2070,0.7506
2071,0.3612
2072,0.4939
2073,0.0
2074,-0.34
2075,0.0
2076,0.0
2077,0.4767
2078,0.3612
2079,0.5574
2080,-0.3182
2081,0.0
2082,0.0
2083,-0.4767
2084,0.0
2085,0.0
2086,0.0
2087,-0.296
2088,0.0
2089,0.0
2090,0.0
2091,0.7906
2092,0.0
2093,0.0
2094,0.0
2095,0.0
2096,0.0
2097,0.7906
2098,0.0
2099,0.0
2100,0.0
2101,0.2987
2102,0.0
2103,0.6908
2104,0.0
2105,0.8519
2106,0.0
2107,-0.4588
2108,0.0
2109,0.0
2110,0.0
2111,0.6597
2112,0.34
2113,0.6597
2114,0.6597
2115,-0.5423
2116,0.5106
2117,0.5859
2118,0.0
2119,0.0
2120,0.0
2121,0.0
2122,0.0
2123,0.0
2124,0.0
2125,-0.5423
2126,0.0
2127,0.0
2128,0.0
2129,0.7506
2130,0.0
2131,0.5859
2132,0.0
2133,0.5859
2134,0.8225
2135,0.0
2136,0.0
2137,0.0
2138,0.0
2139,0.0
2140,0.0
2141,0.4939
2142,0.0
2143,0.0
2144,0.7184
2145,0.4767
2146,0.0
2147,0.0
2148,0.0
2149,0.0
2150,0.7184
2151,0.4767
2152,0.0
2153,0.0
2154,0.0
2155,0.0
2156,0.8402
2157,0.0
2158,0.0
2159,0.8885
2160,0.6369
2161,0.0
2162,0.0
2163,0.0
2164,0.6486
2165,0.0
2166,0.0
2167,0.3612
2168,0.0
2169,0.0
2170,0.0
2171,0.0
2172,0.0
2173,0.8126
2174,-0.34
2175,0.3612
2176,0.25
2177,-0.1531
2178,0.0
2179,0.4588
2180,0.6486
2181,0.765
2182,0.6369
2183,0.0
2184,0.0
2185,0.0
2186,0.0
2187,0.0
2188,0.0
2189,0.0
2190,0.0
2191,0.0
2192,0.4215
2193,0.0
2194,0.0
2195,0.0
2196,0.5859
2197,0.5859
2198,0.3612
2199,0.5859
2200,0.5859
2201,0.4767
2202,0.5859
2203,0.5859
2204,0.3612
2205,0.5859
2206,0.5859
2207,0.4767
2208,-0.1531
2209,0.0
2210,0.0
2211,0.5106
2212,0.34
2213,0.3612
2214,0.3612
2215,0.3612
2216,0.765
2217,0.3612
2218,0.3612
2219,0.3612
2220,0.0
2221,0.0
2222,0.0
2223,0.0
2224,0.0
2225,0.0
2226,0.0
2227,-0.2732
2228,0.7096
2229,0.0
2230,0.0
2231,-0.1779
2232,0.0
2233,0.3182
2234,0.0
2235,0.0
2236,0.0
2237,0.0
2238,-0.8225
2239,0.5719
2240,0.128
2241,0.0
2242,0.5574
2243,0.0
2244,-0.296
2245,-0.2732
2246,0.0
2247,0.4215
2248,0.0
2249,0.6124
2250,-0.1027
2251,0.4767
2252,-0.7906
2253,-0.1027
2254,0.9595
2255,-0.1027
2256,-0.1027
2257,0.4767
2258,-0.7906
2259,-0.1027
2260,0.9595
2261,-0.1027
2262,0.0
2263,0.0
2264,0.0
2265,0.0
2266,0.0
2267,0.0
2268,0.0
2269,0.0
2270,0.0
2271,0.4939
2272,0.0
2273,0.0
2274,0.5859
2275,-0.296
2276,0.0
2277,0.4939
2278,0.4939
2279,0.4939
2280,0.0
2281,0.0
2282,0.0
2283,0.0
2284,0.0
2285,0.0
2286,0.6249
2287,0.4939
2288,0.0
2289,0.8115
2290,0.4588
2291,0.25
2292,0.0
2293,0.3612
2294,0.0
2295,0.0
2296,0.0
2297,0.3612
2298,0.8402
2299,0.8402
2300,0.8402
2301,0.8402
2302,0.8402
2303,0.8402
2304,-0.4588
2305,0.0
2306,-0.5106
2307,0.4019
2308,-0.4939
2309,0.0
2310,-0.4588
2311,0.0
2312,-0.5106
2313,0.4019
2314,-0.4939
2315,0.0
2316,0.5859
2317,0.7845
2318,0.4588
2319,0.3612
2320,0.5859
2321,0.5859
2322,0.8176
2323,0.2235
2324,0.0
2325,-0.296
2326,0.6249
2327,0.765
2328,0.0
2329,0.0
2330,0.0772
2331,0.0
2332,0.0
2333,0.0
2334,-0.5994
2335,0.0
2336,0.0
2337,0.3182
2338,-0.7351
2339,0.0
2340,0.0
2341,0.0
2342,0.1531
2343,0.4404
2344,0.0
2345,0.0
2346,0.4019
2347,0.0
2348,0.5423
2349,0.3612
2350,0.0
2351,0.4767
2352,0.5719
2353,0.0
2354,0.0
2355,0.4939
2356,0.8402
2357,0.4404
2358,0.0
2359,-0.1531
2360,0.0
2361,0.9081
2362,-0.7506
2363,0.0
2364,0.0
2365,-0.1531
2366,0.0
2367,0.9081
2368,-0.7506
2369,0.0
2370,0.0
2371,0.0
2372,0.0
2373,0.0
2374,-0.2732
2375,0.0
2376,0.0
2377,0.0
2378,0.0
2379,0.0
2380,0.3612
2381,0.3612
2382,0.4939
2383,0.0
2384,0.0
2385,0.4215
2386,0.0
2387,0.0
2388,0.0
2389,0.0
2390,0.0
2391,0.7579
2392,0.0
2393,0.0
2394,0.0
2395,0.6369
2396,0.0
2397,0.0
2398,0.0
2399,0.0
2400,0.296
2401,0.0
2402,0.2023
2403,0.5574
2404,0.6597
2405,0.0
2406,-0.1531
2407,0.4215
2408,0.0
2409,-0.5719
2410,0.7003
2411,-0.34
2412,0.3612
2413,0.0
2414,-0.7351
2415,0.4588
2416,0.0
2417,-0.34
2418,0.3612
2419,0.0
2420,-0.7351
2421,0.4588
2422,0.0
2423,0.0
2424,0.0
2425,0.0
2426,0.0
2427,0.0
2428,0.3612
2429,0.0
2430,0.0
2431,0.0
2432,0.0
2433,0.0
2434,0.3612
2435,0.3818
2436,0.0
2437,0.4404
2438,0.4767
2439,0.4404
2440,0.0
2441,0.1779
2442,0.6369
2443,0.1779
2444,0.4939
2445,0.3612
2446,0.0
2447,0.0
2448,0.0
2449,0.3612
2450,-0.34
2451,0.4767
2452,0.3612
2453,0.6597
2454,0.4767
2455,0.4767
2456,0.4767
2457,0.5106
2458,0.0
2459,0.1226
2460,0.0
2461,-0.6908
2462,0.0
2463,0.0
2464,0.0
2465,0.0
2466,0.7184
2467,0.4767
2468,0.0
2469,0.0
2470,0.0
2471,0.0
2472,0.7184
2473,0.4767
2474,0.0
2475,0.0
2476,0.0
2477,0.0
2478,0.8402
2479,0.0
2480,0.0
2481,0.8885
2482,0.6369
2483,0.0
2484,0.0
2485,0.0
2486,0.6486
2487,0.0
2488,0.0
2489,0.3612
2490,0.0
2491,0.0
2492,0.0
2493,0.0
2494,0.0
2495,0.8126
2496,-0.34
2497,0.3612
2498,0.25
2499,-0.1531
2500,0.0
2501,0.4588
2502,0.6486
2503,0.765
2504,0.6369
2505,0.0
2506,0.0
2507,0.0
2508,0.0
2509,0.0
2510,0.0
2511,0.0
2512,0.0
2513,0.0
2514,0.4215
2515,0.0
2516,0.0
2517,0.0
2518,0.0
2519,0.0
2520,0.0
2521,0.0
2522,0.0
2523,0.0
2524,0.0
2525,0.0
2526,0.0
2527,0.0
2528,0.0
2529,0.0
2530,0.0
2531,-0.3612
2532,0.2263
2533,0.2732
2534,-0.3612
2535,0.0772
2536,0.0
2537,-0.4939
2538,0.0
2539,0.0
2540,0.0
2541,0.3612
2542,0.0
2543,-0.4215
2544,0.0
2545,0.0
2546,-0.5574
2547,0.0
2548,0.5574
2549,0.0
2550,0.0
2551,0.0
2552,0.5574
2553,0.8126
2554,0.0
2555,0.0
2556,0.0
2557,0.0
2558,0.0
2559,0.1027
2560,0.6597
2561,0.296
2562,0.4767
2563,0.7506
2564,-0.296
2565,0.4767
2566,-0.0258
2567,-0.128
2568,0.5859
2569,0.5859
2570,0.9485
2571,0.2023
2572,0.0
2573,0.7906
2574,0.4215
2575,0.5574
2576,0.3612
2577,0.0
2578,0.0
2579,0.7906
2580,0.4215
2581,0.5574
2582,0.3612
2583,0.0
2584,0.0
2585,0.8402
2586,-0.7096
2587,-0.6486
2588,0.0
2589,0.4215
2590,0.5994
2591,0.4939
2592,0.0
2593,0.0
2594,0.0
2595,0.0
2596,0.4215
2597,0.0
2598,0.0
2599,-0.1027
2600,0.5773
2601,0.0
2602,-0.1531
2603,0.0
2604,0.0
2605,0.4404
2606,0.0
2607,0.0
2608,0.0
2609,-0.34
2610,0.0
2611,0.0
2612,-0.4767
2613,0.0
2614,0.0
2615,0.0
2616,0.4019
2617,0.0
2618,0.0
2619,-0.25
2620,-0.5267
2621,0.0
2622,-0.34
2623,0.0
2624,0.0
2625,0.0
2626,0.0
2627,0.2584
2628,-0.34
2629,-0.8225
2630,-0.34
2631,0.8658
2632,0.0
2633,0.2584
2634,-0.34
2635,-0.8225
2636,-0.34
2637,0.8658
2638,-0.5106
2639,-0.5106
2640,-0.4404
2641,0.6369
2642,0.5106
2643,0.6369
2644,0.0
2645,0.0
2646,0.0
2647,0.0
2648,0.6369
2649,0.3612
2650,0.0
2651,0.3612
2652,0.8074
2653,0.3612
2654,0.0
2655,-0.0516
2656,0.0
2657,0.0
2658,0.7845
2659,0.0
2660,0.0
2661,0.0
2662,0.0
2663,0.0
2664,0.0
2665,0.0
2666,0.0
2667,0.0
2668,0.0
2669,0.0
2670,0.0
2671,0.0
2672,0.0
2673,-0.1027
2674,0.1531
2675,0.2732
2676,0.7096
2677,0.2732
2678,0.7717
2679,0.2732
2680,0.0
2681,0.0
2682,0.7184
2683,0.4767
2684,0.0
2685,0.0
2686,0.0
2687,0.0
2688,0.7184
2689,0.4767
2690,0.0
2691,0.0
2692,0.0
2693,0.0
2694,0.8402
2695,0.0
2696,0.0
2697,0.8885
2698,0.6369
2699,0.0
2700,0.0
2701,0.0
2702,0.6486
2703,0.0
2704,0.0
2705,0.3612
2706,0.0
2707,0.0
2708,0.0
2709,0.0
2710,0.0
2711,0.8126
2712,-0.34
2713,0.3612
2714,0.25
2715,-0.1531
2716,0.0
2717,0.4588
2718,0.6486
2719,0.765
2720,0.6369
2721,0.0
2722,0.0
2723,0.0
2724,0.0
2725,0.0
2726,0.0
2727,0.0
2728,0.0
2729,0.0
2730,0.4215
2731,0.0
2732,0.0
2733,0.0
2734,0.0
2735,0.0
2736,0.3612
2737,0.5106
2738,0.4939
2739,0.2023
2740,0.0
2741,0.0
2742,0.3612
2743,0.5106
2744,0.4939
2745,0.2023
2746,-0.5106
2747,0.0
2748,0.0
2749,0.7717
2750,-0.5106
2751,-0.34
2752,0.4215
2753,0.5859
2754,0.0
2755,0.8225
2756,0.5859
2757,0.5859
2758,0.296
2759,0.0
2760,0.6486
2761,0.3612
2762,0.6369
2763,0.2023
2764,0.0
2765,0.0
2766,0.0
2767,0.0
2768,0.0
2769,0.0
2770,-0.296
2771,0.7717
2772,0.4019
2773,0.4019
2774,0.3612
2775,0.0
2776,-0.25
2777,0.2732
2778,0.4215
2779,-0.4019
2780,0.296
2781,0.2732
2782,0.8225
2783,0.0
2784,0.0
2785,0.0
2786,0.0
2787,0.0
2788,0.0
2789,0.0
2790,0.7184
2791,0.4767
2792,0.0
2793,0.0
2794,0.0
2795,0.0
2796,0.7184
2797,0.4767
2798,0.0
2799,0.0
2800,0.0
2801,0.0
2802,0.8402
2803,0.0
2804,0.0
2805,0.8885
2806,0.6369
2807,0.0
2808,0.0
2809,0.0
2810,0.6486
2811,0.0
2812,0.0
2813,0.3612
2814,0.0
2815,0.0
2816,0.0
2817,0.0
2818,0.0
2819,0.8126
2820,-0.34
2821,0.3612
2822,0.25
2823,-0.1531
2824,0.0
2825,0.4588
2826,0.6486
2827,0.765
2828,0.6369
2829,0.0
2830,0.0
2831,0.0
2832,0.0
2833,0.0
2834,0.0
2835,0.0
2836,0.0
2837,0.0
2838,0.4215
2839,0.0
2840,0.0
2841,0.0
2842,0.0
2843,0.0
2844,0.0
2845,0.0
2846,0.0
2847,0.0
2848,0.0
2849,0.0
2850,0.0
2851,0.0
2852,0.0
2853,0.0
2854,0.0
2855,0.0
2856,0.6597
2857,0.3182
2858,-0.2732
2859,-0.2732
2860,0.4939
2861,0.4939
2862,0.4939
2863,0.4939
2864,0.4939
2865,-0.0516
2866,0.0
2867,0.0
2868,0.0
2869,0.0
2870,0.0
2871,-0.765
2872,0.0
2873,0.0
2874,0.0
2875,-0.1027
2876,0.0
2877,0.0
2878,0.0
2879,0.0
2880,0.0
2881,0.5859
2882,0.0
2883,0.3612
2884,0.0
2885,0.6124
2886,0.0
2887,0.0
2888,0.0
2889,0.34
2890,0.5106
2891,-0.296
2892,0.7269
2893,0.296
2894,0.0
2895,0.0
2896,0.0
2897,-0.1531
2898,0.0
2899,0.9081
2900,-0.7506
2901,0.0
2902,0.0
2903,-0.1531
2904,0.0
2905,0.9081
2906,-0.7506
2907,0.0
2908,0.0
2909,0.0
2910,0.0
2911,0.0
2912,-0.2732
2913,0.0
2914,0.0
2915,0.0
2916,0.0
2917,0.0
2918,0.3612
2919,0.3612
2920,0.4939
2921,0.0
2922,0.0
2923,0.4215
2924,0.0
2925,0.0
2926,0.0
2927,0.0
2928,0.0
2929,0.7579
2930,0.0
2931,0.0
2932,0.0
2933,0.6369
2934,0.0
2935,0.0
2936,0.0
2937,0.0
2938,0.296
2939,0.0
2940,0.2023
2941,0.5574
2942,0.6597
2943,0.0
2944,-0.1531
2945,0.4215
2946,0.0
2947,-0.5719
2948,0.7003
2949,0.0
2950,0.4588
2951,0.0
2952,0.6249
2953,0.4939
2954,-0.8271
2955,0.0
2956,0.4588
2957,0.0
2958,0.6249
2959,0.4939
2960,-0.8271
2961,0.0
2962,0.7506
2963,-0.5994
2964,0.0
2965,0.0
2966,0.3612
2967,0.6369
2968,0.0
2969,0.0
2970,0.743
2971,0.0
2972,0.0
2973,0.5859
2974,0.0
2975,0.0
2976,0.5859
2977,0.0
2978,0.0
2979,0.4215
2980,0.3612
2981,0.0
2982,-0.5423
2983,0.0
2984,0.0
2985,0.6369
2986,0.802
2987,0.3612
2988,0.296
2989,0.0
2990,0.0
2991,0.0
2992,0.0
2993,0.0
2994,-0.4767
2995,-0.4767
2996,0.0
2997,0.0
2998,0.0
2999,0.0
3000,0.0
3001,0.0
3002,0.4404
3003,0.0
3004,0.0
3005,0.0
3006,0.0
3007,0.0
3008,0.0
3009,0.0
3010,0.0
3011,0.0
3012,0.0
3013,0.0
3014,0.0
3015,0.5574
3016,0.0
3017,0.0
3018,0.6369
3019,0.5574
3020,0.3182
3021,0.0
3022,0.0
3023,0.0
3024,0.3612
3025,0.4767
3026,0.0
3027,0.0
3028,0.0
3029,0.0
3030,0.0
3031,0.4404
3032,-0.2732
3033,0.0
3034,0.0
3035,-0.2732
3036,0.4019
3037,-0.2732
3038,0.0
3039,-0.7096
3040,0.7351
3041,0.0
3042,0.0
3043,0.0
3044,-0.5423
3045,0.0
3046,0.3612
3047,0.0772
3048,0.0
3049,0.0
3050,0.0
3051,0.0
3052,0.0
3053,0.0
3054,0.0
3055,0.3612
3056,0.0
3057,0.3182
3058,0.0
3059,0.0
3060,0.0
3061,0.0
3062,0.0
3063,0.3182
3064,0.0
3065,0.0
3066,0.0
3067,0.0
3068,0.0
3069,0.3612
3070,0.0
3071,0.0
3072,0.0
3073,0.0
3074,0.0
3075,0.6369
3076,0.0
3077,0.0
3078,0.0
3079,-0.7269
3080,0.7579
3081,0.3612
3082,0.743
3083,0.9231
3084,0.743
3085,0.3612
3086,0.0
3087,0.0
3088,0.0
3089,0.0
3090,0.0
3091,0.0
3092,0.3612
3093,0.3612
3094,0.0
3095,0.0
3096,0.3612
3097,0.0
3098,0.0
3099,0.0
3100,0.4767
3101,-0.3182
3102,0.0
3103,0.0
3104,0.128
3105,0.0
3106,0.0
3107,0.5574
3108,0.5574
3109,0.0
3110,0.0
3111,0.0
3112,0.0
3113,0.5574
3114,0.5574
3115,0.0
3116,0.0
3117,0.0
3118,-0.7506
3119,-0.6908
3120,-0.5859
3121,0.5994
3122,-0.5859
3123,-0.3182
3124,0.3612
3125,-0.0772
3126,0.6124
3127,0.8074
3128,0.4939
3129,0.0
3130,0.0
3131,0.8176
3132,0.0
3133,0.0
3134,0.0
3135,0.0
3136,0.0
3137,0.6705
3138,0.5574
3139,0.0
3140,0.0
3141,0.5574
3142,0.0
3143,0.0
3144,-0.1531
3145,-0.3818
3146,0.0
3147,0.0
3148,0.0
3149,0.0
3150,0.0
3151,0.0
3152,0.4215
3153,0.0
3154,0.0
3155,0.0772
3156,0.7096
3157,0.0772
3158,-0.7096
3159,-0.0772
3160,0.4019
3161,0.3612
3162,0.0
3163,0.6369
3164,0.3612
3165,0.6124
3166,0.4019
3167,0.3612
3168,0.0
3169,0.6369
3170,0.3612
3171,0.6124
3172,0.8126
3173,0.5574
3174,0.4767
3175,0.1779
3176,0.0
3177,0.743
3178,0.0
3179,0.0
3180,0.0
3181,0.4767
3182,-0.1779
3183,0.0
3184,0.6369
3185,0.4767
3186,0.0
3187,0.0
3188,0.8126
3189,-0.1027
3190,0.743
3191,0.9451
3192,0.0
3193,0.743
3194,0.25
3195,0.0
3196,0.0
3197,0.7351
3198,-0.6908
3199,0.0
3200,0.0
3201,0.0
3202,0.0
3203,0.3612
3204,0.34
3205,0.0
3206,-0.6705
3207,0.0
3208,-0.3612
3209,0.0
3210,0.4019
3211,0.7506
3212,0.5106
3213,0.0
3214,0.3612
3215,0.3612
3216,0.0
3217,0.0
3218,0.0
3219,0.0
3220,0.3612
3221,0.3612
3222,0.0
3223,0.0
3224,0.0
3225,0.0
3226,0.0
3227,0.3182
3228,0.7184
3229,0.5859
3230,0.6808
3231,0.802
3232,0.0
3233,0.0
3234,0.0
3235,0.0
3236,0.0
3237,0.0
3238,0.9468
3239,0.8152
3240,0.9638
3241,0.6124
3242,0.0
3243,0.0
3244,0.4939
3245,0.4767
3246,0.6369
3247,0.8658
3248,0.4019
3249,0.6369
3250,0.4939
3251,0.4767
3252,0.6369
3253,0.8658
3254,0.4019
3255,0.6369
3256,0.5574
3257,-0.34
3258,0.0772
3259,0.5859
3260,0.6369
3261,0.0
3262,0.0
3263,0.0
3264,-0.34
3265,0.0
3266,-0.1531
3267,0.4939
3268,0.4767
3269,0.6369
3270,0.6369
3271,0.3818
3272,0.6369
3273,0.8555
3274,0.3612
3275,0.0
3276,0.6369
3277,0.3818
3278,0.6369
3279,0.8555
3280,0.3612
3281,0.0
3282,0.9578
3283,0.0
3284,0.0
3285,0.5859
3286,0.5859
3287,0.6369
3288,0.6369
3289,0.8126
3290,0.0
3291,0.5994
3292,0.0772
3293,0.0
3294,0.0
3295,-0.5574
3296,0.3182
3297,0.0
3298,0.3182
3299,0.0
3300,0.0
3301,0.0
3302,0.0
3303,0.0
3304,0.0
3305,0.0
3306,0.0
3307,0.0
3308,0.0
3309,-0.5423
3310,0.0
3311,0.0
3312,-0.5423
3313,0.0
3314,-0.1027
3315,0.0
3316,0.0
3317,-0.4215
3318,0.2732
3319,-0.5106
3320,0.0
3321,0.0
3322,0.0
3323,-0.4215
3324,0.2732
3325,-0.5106
3326,0.0
3327,0.0
3328,0.0
3329,0.7579
3330,0.0
3331,0.0
3332,0.3612
3333,0.0
3334,0.0
3335,0.0
3336,0.0
3337,0.0
3338,0.0
3339,0.0
3340,0.8126
3341,0.0
3342,0.0
3343,0.0
3344,0.0
3345,0.0
3346,0.0
3347,0.0
3348,0.0
3349,0.0
3350,0.0
3351,0.0
3352,0.0
3353,0.0
3354,0.5574
3355,0.0
3356,0.0
3357,0.2023
3358,0.4767
3359,0.5859
3360,0.4767
3361,0.34
3362,0.0
3363,0.0
3364,0.0
3365,-0.6486
3366,0.0
3367,0.0
3368,0.4215
3369,0.6124
3370,0.0
3371,0.0
3372,0.0
3373,0.0
3374,0.8225
3375,0.6124
3376,0.0
3377,0.0
3378,0.0
3379,0.0
3380,0.8225
3381,0.5574
3382,0.0
3383,0.926
3384,0.3612
3385,0.0
3386,0.7579
3387,0.0
3388,0.0
3389,0.8074
3390,0.0
3391,0.0
3392,0.0
3393,0.0
3394,0.5719
3395,0.8225
3396,0.0772
3397,0.5267
3398,0.0
3399,-0.3182
3400,0.2263
3401,0.0
3402,0.5574
3403,0.3182
3404,0.8957
3405,-0.3182
3406,0.2263
3407,0.0
3408,0.5574
3409,0.3182
3410,0.8957
3411,0.0
3412,0.5994
3413,0.4767
3414,0.3612
3415,0.7096
3416,0.0
3417,0.0
3418,0.9001
3419,-0.34
3420,0.3612
3421,0.0
3422,-0.34
3423,0.4404
3424,0.7506
3425,0.5106
3426,0.0
3427,0.0
3428,-0.1531
3429,-0.0516
3430,0.0
3431,0.0
3432,0.0
3433,0.5106
3434,-0.1531
3435,-0.0516
3436,0.0
3437,0.0
3438,0.0
3439,0.5106
3440,0.0
3441,0.3612
3442,0.0
3443,0.0
3444,0.0
3445,0.0
3446,0.0772
3447,0.0
3448,0.0
3449,0.0
3450,0.0
3451,0.0
3452,0.0
3453,0.0
3454,0.0
3455,0.0
3456,0.3612
3457,-0.4767
3458,0.0
3459,0.0
3460,0.0
3461,0.0
3462,0.7269
3463,0.0
3464,0.0
3465,-0.4767
3466,0.0
3467,0.2023
3468,0.5574
3469,0.0
3470,0.0
3471,0.8225
3472,0.0
3473,0.0
3474,0.0
3475,0.8225
3476,0.0
3477,0.0
3478,0.0
3479,0.0
3480,0.0
3481,0.0
3482,0.0
3483,0.0
3484,0.0
3485,0.0
3486,-0.1531
3487,0.0
3488,0.5106
3489,0.0
3490,0.7184
3491,0.0
3492,0.0
3493,-0.296
3494,0.0
3495,0.0
3496,0.0
3497,0.0
3498,0.0
3499,0.0
3500,0.0
3501,0.0772
3502,0.0
3503,0.0
3504,0.0
3505,0.5859
3506,0.9081
3507,0.9493
3508,0.4939
3509,0.872
3510,0.296
3511,0.0
3512,0.4404
3513,0.0
3514,0.0
3515,0.0
3516,0.0
3517,0.0
3518,0.4404
3519,0.0
3520,0.0
3521,0.0
3522,0.0
3523,0.0516
3524,-0.2023
3525,0.5423
3526,0.0
3527,0.0
3528,0.9325
3529,0.0
3530,0.0
3531,0.0
3532,0.0
3533,0.8779
3534,0.0
3535,0.0
3536,0.34
3537,0.8442
3538,0.0
3539,0.0
3540,0.6369
3541,0.8555
3542,0.34
3543,0.8442
3544,0.0
3545,0.0
3546,0.6369
3547,0.8555
3548,0.6369
3549,0.0
3550,0.6808
3551,0.3612
3552,0.5574
3553,0.0
3554,-0.1779
3555,0.4939
3556,0.0
3557,0.3612
3558,0.0
3559,0.3612
3560,0.0
3561,0.0
3562,0.0
3563,0.0
3564,0.4939
3565,0.0
3566,0.7096
3567,0.4019
3568,0.9136
3569,0.5859
3570,0.5574
3571,0.8442
3572,0.7096
3573,0.4019
3574,0.9136
3575,0.5859
3576,0.5574
3577,0.8442
3578,0.0
3579,0.0
3580,0.8126
3581,0.0
3582,0.0
3583,0.0
3584,0.0
3585,0.0
3586,0.5994
3587,0.0772
3588,0.0
3589,0.0
3590,0.3182
3591,0.0
3592,0.5994
3593,0.0772
3594,0.0
3595,0.0
3596,0.3182
3597,0.0
3598,0.0
3599,0.0
3600,0.0
3601,0.4939
3602,-0.34
3603,0.0
3604,0.0
3605,0.1531
3606,0.0
3607,0.0
3608,0.0
3609,0.0
3610,0.872
3611,0.0
3612,0.0
3613,0.0
3614,0.8979
3615,0.25
3616,0.0
3617,0.0
3618,0.0
3619,0.0
3620,0.0
3621,0.0
3622,0.0
3623,0.0
3624,0.0
3625,0.0
3626,-0.34
3627,0.0
3628,0.5859
3629,0.3612
3630,0.0
3631,0.0
3632,0.0
3633,0.0
3634,-0.0516
3635,0.0
3636,-0.296
3637,0.0
3638,0.6486
3639,-0.0516
3640,0.3612
3641,0.5267
3642,-0.1531
3643,0.6705
3644,0.0
3645,0.7717
3646,0.0
3647,0.0
3648,0.0
3649,0.0
3650,0.0
3651,0.7717
3652,0.0
3653,0.0
3654,0.0
3655,0.0
3656,-0.2023
3657,0.3612
3658,0.4019
3659,0.2263
3660,0.0
3661,0.0
3662,0.0
3663,0.9118
3664,0.0
3665,0.0
3666,0.0
3667,0.4588
3668,0.0
3669,0.0
3670,0.5574
3671,0.0
3672,0.0
3673,0.0
3674,0.0772
3675,0.0
3676,0.5574
3677,0.0
3678,0.0
3679,0.0
3680,0.0772
3681,0.0
3682,0.6597
3683,-0.0572
3684,0.7906
3685,0.0
3686,0.0
3687,0.0
3688,-0.34
3689,0.0
3690,0.0
3691,0.0
3692,0.0
3693,0.0
3694,0.743
3695,0.4939
3696,0.6908
3697,0.4939
3698,-0.6369
3699,-0.3612
3700,0.0
3701,0.0
3702,0.0
3703,0.0
3704,0.0
3705,0.0
3706,-0.5859
3707,0.6908
3708,0.0
3709,0.0
3710,0.2732
3711,0.0
3712,0.3612
3713,0.4019
3714,0.0
3715,0.0
3716,0.0
3717,0.0
3718,0.0
3719,0.0
3720,0.0
3721,0.0
3722,0.0
3723,0.0
3724,0.0
3725,0.3612
3726,0.0
3727,0.0
3728,0.0
3729,0.0
3730,0.0
3731,0.0
3732,0.0
3733,0.0
3734,0.0
3735,0.0
3736,0.0
3737,0.0
3738,0.0
3739,0.0
3740,0.0
3741,0.0
3742,0.0
3743,0.0
3744,0.0
3745,0.0
3746,0.0
3747,0.4215
3748,0.0
3749,0.0
3750,0.0
3751,0.0
3752,0.0
3753,0.4215
3754,0.0772
3755,0.2023
3756,0.0
3757,0.0
3758,0.0
3759,0.5859
3760,0.0
3761,-0.4767
3762,0.2023
3763,0.3612
3764,-0.3612
3765,-0.4019
3766,0.0
3767,0.0
3768,0.0
3769,0.8126
3770,0.6369
3771,0.5859
3772,0.8126
3773,0.6808
3774,0.0
3775,0.8126
3776,0.6369
3777,0.5859
3778,0.8126
3779,0.6808
3780,0.5106
3781,0.8139
3782,0.0
3783,0.802
3784,0.6369
3785,0.0
3786,0.0
3787,-0.34
3788,0.0
3789,0.0
3790,0.0
3791,0.3612
3792,0.0
3793,0.0
3794,0.5994
3795,0.0
3796,0.0
3797,0.0
3798,0.0
3799,0.0
3800,0.0772
3801,0.4215
3802,0.0
3803,0.0
3804,0.4939
3805,0.4788
3806,0.0
3807,0.7579
3808,0.0
3809,-0.3612
3810,0.5574
3811,0.0772
3812,0.0
3813,0.1779
3814,-0.4767
3815,0.0
3816,-0.9705
3817,-0.7351
3818,0.8126
3819,0.25
3820,0.0
3821,0.3612
3822,0.8126
3823,0.0
3824,0.8126
3825,0.25
3826,0.0
3827,0.3612
3828,0.8126
3829,0.0
3830,0.9371
3831,0.0
3832,0.0
3833,0.0
3834,0.0
3835,0.0
3836,0.0
3837,0.0
3838,-0.34
3839,0.0258
3840,0.7964
3841,0.0
3842,0.0
3843,0.0
3844,-0.3089
3845,0.0
3846,-0.3089
3847,0.0
3848,0.0
3849,0.3612
3850,0.4215
3851,0.3612
3852,0.4404
3853,-0.4215
3854,0.0
3855,0.6249
3856,0.0
3857,0.4404
3858,0.0
3859,0.6369
3860,-0.6134
3861,0.9747
3862,-0.1027
3863,0.5574
3864,-0.0258
3865,0.5423
3866,0.6041
3867,0.0
3868,0.0
3869,0.0
3870,0.34
3871,0.5423
3872,0.6041
3873,0.0
3874,0.0
3875,0.0
3876,0.34
3877,0.3818
3878,0.0
3879,0.3818
3880,0.0
3881,0.3818
3882,-0.0987
3883,0.7351
3884,0.0
3885,0.4939
3886,0.0
3887,0.0
3888,0.0
3889,0.0
3890,0.0
3891,0.0
3892,0.0
3893,0.25
3894,0.0
3895,0.4767
3896,0.25
3897,0.7579
3898,0.4939
3899,-0.3182
3900,0.0
3901,0.4767
3902,0.25
3903,0.7579
3904,0.4939
3905,-0.3182
3906,0.0
3907,0.0
3908,0.0
3909,0.4939
3910,0.7506
3911,0.0
3912,0.4939
3913,0.0
3914,-0.34
3915,0.0
3916,-0.5423
3917,0.0
3918,0.0
3919,0.0
3920,0.0
3921,0.0
3922,0.0
3923,0.0
3924,-0.34
3925,0.0258
3926,0.7964
3927,0.0
3928,0.0
3929,0.0
3930,0.3612
3931,0.0
3932,0.0
3933,0.3182
3934,0.0
3935,0.0
3936,0.3612
3937,0.0
3938,0.0
3939,0.5859
3940,0.0
3941,0.0
3942,0.3612
3943,0.0
3944,0.0
3945,0.5859
3946,0.0
3947,-0.1027
3948,-0.4939
3949,0.9934
3950,0.8225
3951,0.4404
3952,0.7003
3953,0.0
3954,0.0
3955,0.3612
3956,0.0
3957,0.0
3958,0.0
3959,0.0
3960,0.5859
3961,0.0
3962,0.8225
3963,0.5859
3964,0.4404
3965,0.0
3966,-0.34
3967,0.0
3968,0.0
3969,0.0
3970,0.0772
3971,0.0
3972,-0.34
3973,0.0
3974,0.0
3975,0.0
3976,0.0772
3977,0.0
3978,-0.7506
3979,0.0
3980,0.0
3981,-0.3612
3982,0.0
3983,0.5719
3984,0.9349
3985,0.9601
3986,0.8807
3987,0.872
3988,0.3612
3989,0.0
3990,0.0
3991,0.5859
3992,0.0
3993,0.7351
3994,0.0
3995,0.9866
3996,0.0
3997,0.9081
3998,0.0
3999,0.0
4000,0.9744
4001,0.9866
4002,0.0
4003,0.9081
4004,0.0
4005,0.0
4006,0.9744
4007,0.3612
4008,0.5719
4009,0.4215
4010,0.5267
4011,-0.1531
4012,0.0772
4013,0.0
4014,0.836
4015,0.7717
4016,0.7579
4017,0.0
4018,0.0
4019,0.0
4020,0.3612
4021,0.0
4022,0.0
4023,-0.5859
4024,-0.5859
4025,-0.2732
4026,0.5859
4027,0.5267
4028,0.0
4029,0.5859
4030,0.0
4031,-0.2732
4032,0.5859
4033,0.5267
4034,0.0
4035,0.5859
4036,0.0
4037,0.0
4038,0.0
4039,0.0
4040,-0.2732
4041,0.0
4042,0.0
4043,0.0
4044,0.0
4045,0.0
4046,0.0
4047,0.3612
4048,0.0
4049,0.6369
4050,0.0
4051,0.7579
4052,0.5106
4053,0.0
4054,0.0
4055,-0.5859
4056,0.0
4057,0.0
4058,0.4404
4059,0.0
4060,0.0
4061,-0.5859
4062,0.0
4063,0.0
4064,0.4404
4065,0.0
4066,0.0
4067,0.0
4068,0.0
4069,0.0
4070,0.4019
4071,-0.4215
4072,0.0
4073,-0.3612
4074,0.9571
4075,0.4588
4076,0.4019
4077,0.0
4078,0.25
4079,0.743
4080,0.7717
4081,0.0
4082,0.0
4083,0.0
4084,0.0
4085,0.0
4086,0.0
4087,0.0
4088,0.0
4089,-0.2263
4090,0.0
4091,0.0
4092,0.4215
4093,0.4588
4094,0.0
4095,0.2732
4096,0.7579
4097,0.4019
4098,0.0
4099,0.5859
4100,0.0
4101,0.8316
4102,0.6486
4103,0.4767
4104,0.0
4105,0.967
4106,0.5859
4107,0.9081
4108,0.0
4109,0.743
4110,0.8316
4111,0.9081
4112,0.5859
4113,0.9081
4114,0.0
4115,0.743
4116,0.8316
4117,0.9081
4118,0.6124
4119,-0.4567
4120,0.9081
4121,0.0
4122,0.0
4123,0.9081
4124,0.25
4125,0.0
4126,0.0
4127,0.0
4128,-0.7351
4129,0.0
4130,0.0
4131,0.0
4132,0.0
4133,0.0
4134,0.0
4135,0.5859
4136,0.0
4137,0.0
4138,0.0
4139,0.0
4140,0.0
4141,0.5859
4142,0.0
4143,0.0
4144,0.9154
4145,0.8176
4146,0.0
4147,0.0
4148,0.0
4149,0.6369
4150,-0.1531
4151,0.0
4152,0.4019
4153,0.0
4154,0.0
4155,0.4588
4156,-0.3089
4157,0.0
4158,-0.2732
4159,0.34
4160,0.5859
4161,0.0772
4162,-0.34
4163,-0.34
4164,0.8442
4165,0.8442
4166,0.9565
4167,0.0
4168,-0.5106
4169,0.9118
4170,0.3612
4171,0.3612
4172,0.0
4173,0.0
4174,0.0
4175,0.0
4176,0.0
4177,0.2023
4178,0.0
4179,0.0
4180,0.0
4181,0.0
4182,0.0
4183,0.2023
4184,0.0
4185,0.0
4186,0.3612
4187,0.0
4188,0.0
4189,0.5574
4190,0.0
4191,0.0
4192,0.0
4193,0.0
4194,-0.3182
4195,-0.34
4196,-0.3182
4197,-0.34
4198,0.0
4199,0.0
4200,0.0
4201,0.0
4202,0.0
4203,0.0
4204,-0.34
4205,0.3612
4206,0.0
4207,0.4404
4208,0.0
4209,0.0
4210,0.4215
4211,0.0
4212,0.4215
4213,-0.0258
4214,0.4019
4215,0.5574
4216,0.0
4217,0.3612
4218,0.8481
4219,0.7579
4220,0.7351
4221,0.5574
4222,0.0
4223,0.3612
4224,0.8481
4225,0.7579
4226,0.7351
4227,0.8126
4228,0.0
4229,0.4939
4230,0.0
4231,0.0
4232,0.0
4233,0.8126
4234,0.4404
4235,-0.2263
4236,0.3182
4237,0.0
4238,0.5719
4239,0.8126
4240,0.4404
4241,-0.2263
4242,0.3182
4243,0.0
4244,0.5719
4245,0.0
4246,0.8126
4247,0.4019
4248,0.0
4249,0.0
4250,0.3612
4251,0.0
4252,0.0
4253,0.0
4254,0.4404
4255,0.0
4256,0.0
4257,0.0
4258,0.0
4259,0.0
4260,0.4404
4261,0.0
4262,0.0
4263,0.2263
4264,0.0
4265,0.8402
4266,-0.5859
4267,0.0
4268,0.4404
4269,0.0
4270,0.0
4271,0.0
4272,0.0
4273,0.0
4274,0.0
4275,0.0
4276,0.0
4277,0.0
4278,0.0
4279,0.0
4280,0.0
4281,0.0
4282,-0.0516
4283,0.0
4284,0.0
4285,-0.0516
4286,-0.4767
4287,0.0
4288,0.128
4289,0.5719
4290,0.0
4291,0.0
4292,0.296
4293,0.0
4294,0.128
4295,0.5719
4296,0.0
4297,0.0
4298,0.296
4299,0.0
4300,0.0
4301,0.0
4302,0.0
4303,0.0
4304,0.0
4305,0.0
4306,0.6597
4307,0.0
4308,0.6597
4309,0.5574
4310,0.9371
4311,0.0
4312,0.0
4313,0.9081
4314,0.5574
4315,0.3612
4316,0.0
4317,-0.4215
4318,0.6249
4319,0.4767
4320,0.4939
4321,0.3612
4322,0.0
4323,-0.4215
4324,0.6249
4325,0.4767
4326,0.4939
4327,0.25
4328,0.3612
4329,0.4939
4330,-0.1027
4331,0.6124
4332,0.0
4333,0.4939
4334,0.0
4335,0.0
4336,0.0
4337,0.0
4338,0.0
4339,0.4939
4340,0.0
4341,0.0
4342,0.0
4343,0.0
4344,0.0
4345,0.3182
4346,0.0
4347,0.0
4348,-0.1027
4349,0.0
4350,0.0
4351,0.0
4352,0.0
4353,0.0
4354,-0.296
4355,0.3612
4356,0.6486
4357,0.0
4358,0.0
4359,0.0
4360,-0.296
4361,0.3612
4362,0.6486
4363,0.7351
4364,0.3612
4365,0.9081
4366,0.0
4367,0.8779
4368,0.0
4369,0.0
4370,0.0
4371,0.3612
4372,0.0
4373,0.0
4374,0.5423
4375,0.0
4376,0.0
4377,0.3612
4378,0.0
4379,0.0
4380,0.5423
4381,0.0
4382,0.0
4383,-0.6369
4384,0.4215
4385,0.0
4386,0.0
4387,-0.5719
4388,-0.5719
4389,0.4767
4390,0.5859
4391,0.0
4392,0.0
4393,0.5859
4394,0.0
4395,-0.1027
4396,-0.2235
4397,0.4019
4398,0.8658
4399,0.4939
4400,0.0
4401,-0.1027
4402,-0.2235
4403,0.4019
4404,0.8658
4405,0.4939
4406,0.0
4407,-0.7096
4408,0.0
4409,0.0
4410,0.7717
4411,0.0
4412,0.0
4413,0.0
4414,0.802
4415,-0.6597
4416,0.6908
4417,0.6369
4418,0.0
4419,0.0
4420,0.802
4421,-0.6597
4422,0.6908
4423,0.6369
4424,0.0
4425,0.4939
4426,0.0
4427,0.0
4428,0.0
4429,0.0
4430,-0.4019
4431,0.0
4432,0.0
4433,0.8316
4434,0.8316
4435,0.5574
4436,0.0
4437,0.0
4438,0.0
4439,0.34
4440,-0.5719
4441,0.7717
4442,0.0
4443,0.0
4444,0.0
4445,0.34
4446,-0.5719
4447,0.7717
4448,0.0
4449,0.0
4450,0.0
4451,0.4019
4452,0.0
4453,0.4588
4454,-0.4215
4455,0.4404
4456,0.0
4457,0.0
4458,0.0
4459,0.0
4460,0.0
4461,0.8271
4462,0.0
4463,0.0
4464,0.0
4465,0.0
4466,0.0
4467,0.8271
4468,0.0
4469,0.0
4470,0.4215
4471,0.5574
4472,0.5267
4473,0.4019
4474,0.2023
4475,0.5994
4476,0.0
4477,0.5859
4478,0.3612
4479,0.6705
4480,0.9371
4481,0.5994
4482,0.0
4483,0.5859
4484,0.3612
4485,0.6705
4486,0.9371
4487,0.6369
4488,0.4019
4489,0.0
4490,0.5423
4491,0.3612
4492,0.0
4493,0.0
4494,0.0
4495,0.6808
4496,0.0
4497,0.3612
4498,0.0
4499,0.0
4500,0.6124
4501,0.0
4502,0.0
4503,0.3612
4504,0.0
4505,0.0
4506,0.6124
4507,0.0
4508,0.0
4509,0.0
4510,0.5574
4511,0.0
4512,0.0
4513,0.0
4514,-0.5719
4515,0.0
4516,0.2732
4517,0.5574
4518,0.0
4519,0.0
4520,-0.5719
4521,0.0
4522,0.2732
4523,0.5574
4524,0.0
4525,0.0
4526,0.0
4527,0.0
4528,0.0
4529,0.0
4530,-0.128
4531,0.0
4532,0.0
4533,0.0
4534,0.0
4535,0.0
4536,-0.128
4537,0.0
4538,0.0
4539,0.3612
4540,0.0
4541,0.0
4542,0.3612
4543,0.0
4544,0.0
4545,0.6369
4546,0.0
4547,0.0
4548,0.0
4549,0.5267
4550,0.3612
4551,0.6369
4552,0.0
4553,0.0
4554,0.0
4555,0.5267
4556,0.3612
4557,0.0
4558,0.0
4559,0.9313
4560,0.0
4561,0.0
4562,0.0
4563,0.2732
4564,0.4404
4565,0.0
4566,0.6369
4567,0.1935
4568,0.0
4569,0.2732
4570,0.4404
4571,0.0
4572,0.6369
4573,0.1935
4574,0.0
4575,-0.6369
4576,-0.2263
4577,0.0
4578,0.0
4579,0.5267
4580,0.7964
4581,0.34
4582,0.296
4583,0.0
4584,0.0
4585,-0.0828
4586,0.0
4587,0.34
4588,0.296
4589,0.0
4590,0.0
4591,-0.0828
4592,0.0
4593,0.0
4594,-0.8225
4595,0.5719
4596,0.128
4597,0.0
4598,0.5574
4599,0.0
4600,-0.8225
4601,0.5719
4602,0.128
4603,0.0
4604,0.5574
4605,0.0
4606,-0.2732
4607,0.0
4608,-0.1531
4609,0.0
4610,0.7783
4611,0.0
4612,0.0
4613,-0.34
4614,0.0
4615,0.0
4616,0.5574
4617,0.0
4618,0.0
4619,-0.34
4620,0.0
4621,0.0
4622,0.5574
4623,-0.2732
4624,0.0
4625,0.0
4626,0.0
4627,0.3612
4628,0.3089
4629,0.0
4630,0.7003
4631,0.0
4632,0.6124
4633,-0.0772
4634,0.0
4635,0.0
4636,0.7003
4637,0.0
4638,0.6124
4639,-0.0772
4640,0.0
4641,-0.8442
4642,-0.5423
4643,0.0
4644,0.0
4645,0.0
4646,-0.34
4647,0.0
4648,0.3612
4649,-0.0516
4650,-0.1779
4651,0.0
4652,0.4404
4653,0.0
4654,0.3612
4655,-0.0516
4656,-0.1779
4657,0.0
4658,0.4404
4659,0.0
4660,-0.34
4661,0.5859
4662,0.0
4663,0.6369
4664,0.2263
4665,0.7845
4666,-0.34
4667,0.5859
4668,0.0
4669,0.6369
4670,0.2263
4671,0.7845
4672,0.0
4673,0.0
4674,-0.4767
4675,0.3612
4676,0.0
4677,0.0
4678,0.0
4679,0.0
4680,0.3612
4681,0.0516
4682,0.8126
4683,0.6908
4684,0.0
4685,0.0
4686,0.3612
4687,0.0516
4688,0.8126
4689,0.6908
4690,0.6908
4691,0.0
4692,0.34
4693,0.0
4694,0.4767
4695,0.8225
4696,0.5859
4697,-0.25
4698,0.0
4699,0.0
4700,0.5574
4701,0.0
4702,0.5859
4703,-0.25
4704,0.0
4705,0.0
4706,0.5574
4707,0.0
4708,0.4215
4709,0.7906
4710,0.5574
4711,0.0
4712,-0.4767
4713,-0.4767
4714,0.5574
4715,0.0
4716,0.3612
4717,0.3612
4718,0.0
4719,-0.1531
4720,0.5574
4721,0.0
4722,0.3612
4723,0.3612
4724,0.0
4725,-0.1531
4726,-0.1531
4727,0.0
4728,0.0
4729,0.0
4730,0.7579
4731,0.0
4732,0.6369
4733,-0.2023
4734,0.0
4735,-0.34
4736,0.0
4737,0.0
4738,0.6369
4739,-0.2023
4740,0.0
4741,-0.34
4742,0.0
4743,0.0
4744,0.8074
4745,0.0
4746,0.3612
4747,0.6705
4748,0.0
4749,0.4588
4750,0.0
4751,0.0
4752,0.0
4753,0.0
4754,0.0
4755,0.0
4756,0.0
4757,0.0
4758,0.0
4759,0.0
4760,0.0
4761,0.0
4762,-0.1531
4763,0.0
4764,0.8316
4765,-0.34
4766,0.7717
4767,0.0
4768,0.0
4769,0.0
4770,0.8316
4771,-0.34
4772,0.7717
4773,0.0
4774,0.0
4775,-0.1779
4776,0.4939
4777,0.0
4778,0.802
4779,0.6808
4780,0.5574
4781,0.0
4782,0.0
